service,income_grp,hdi_bin,gdp_bin,gini_bin,exposed_population,hotspot_cells
C_Risk,High income,Medium (0.550-0.700),Q2,Q4 (Highest Gini),78.45072937663645,1
C_Risk,High income,High (0.700-0.800),Q1 (Lowest GDP),Q1 (Lowest Gini),18.18694259678773,12
C_Risk,High income,High (0.700-0.800),Q1 (Lowest GDP),Q2,3.1203470547760452,6
C_Risk,High income,High (0.700-0.800),Q1 (Lowest GDP),Q3,4.529840487965861,3
C_Risk,High income,High (0.700-0.800),Q2,Q1 (Lowest Gini),1125.051182071434,20
C_Risk,High income,High (0.700-0.800),Q2,Q2,293.45040181826715,7
C_Risk,High income,High (0.700-0.800),Q2,Q3,51.858999969896146,2
C_Risk,High income,High (0.700-0.800),Q3,Q1 (Lowest Gini),8556.529801387647,18
C_Risk,High income,High (0.700-0.800),Q3,Q2,1756.5230166903318,4
C_Risk,High income,High (0.700-0.800),Q3,Q3,889.8253489774484,2
C_Risk,High income,High (0.700-0.800),Q3,NA,611.0631871645435,1
C_Risk,High income,High (0.700-0.800),Q4 (Highest GDP),Q1 (Lowest Gini),12497.281712397951,4
C_Risk,High income,High (0.700-0.800),Q4 (Highest GDP),Q2,805209.38437448,4
C_Risk,High income,Very High (>0.800),Q1 (Lowest GDP),Q1 (Lowest Gini),143.178064803137,61
C_Risk,High income,Very High (>0.800),Q1 (Lowest GDP),Q2,6.146707837304217,13
C_Risk,High income,Very High (>0.800),Q1 (Lowest GDP),Q3,11.713956319790064,11
C_Risk,High income,Very High (>0.800),Q2,Q1 (Lowest Gini),4744.27852777443,102
C_Risk,High income,Very High (>0.800),Q2,Q2,458.0903845947878,13
C_Risk,High income,Very High (>0.800),Q2,Q3,280.5988561531375,7
C_Risk,High income,Very High (>0.800),Q3,Q1 (Lowest Gini),93549.888515705,217
C_Risk,High income,Very High (>0.800),Q3,Q2,36596.42380741016,47
C_Risk,High income,Very High (>0.800),Q3,Q3,6944.248272226645,20
C_Risk,High income,Very High (>0.800),Q4 (Highest GDP),Q1 (Lowest Gini),40113736.083414674,820
C_Risk,High income,Very High (>0.800),Q4 (Highest GDP),Q2,23272709.505368773,356
C_Risk,High income,Very High (>0.800),Q4 (Highest GDP),Q3,5387305.765649377,116
C_Risk,High income,Very High (>0.800),Q4 (Highest GDP),NA,104696.98875977793,1
C_Risk,Low income,Low (<0.550),Q1 (Lowest GDP),Q2,614.0976011045773,5
C_Risk,Low income,Low (<0.550),Q1 (Lowest GDP),Q3,95.19306622205056,1
C_Risk,Low income,Low (<0.550),Q2,Q1 (Lowest Gini),18604.222154361392,8
C_Risk,Low income,Low (<0.550),Q2,Q2,21954.26395237678,13
C_Risk,Low income,Low (<0.550),Q2,Q3,30880.520489308445,19
C_Risk,Low income,Low (<0.550),Q2,Q4 (Highest Gini),3117.618434701465,2
C_Risk,Low income,Low (<0.550),Q3,Q1 (Lowest Gini),154424.97097423338,20
C_Risk,Low income,Low (<0.550),Q3,Q2,99625.42022768607,18
C_Risk,Low income,Low (<0.550),Q3,Q3,136676.7960462488,15
C_Risk,Low income,Low (<0.550),Q3,Q4 (Highest Gini),103264.87503597184,7
C_Risk,Low income,Low (<0.550),Q4 (Highest GDP),Q1 (Lowest Gini),720849.7823230951,6
C_Risk,Low income,Low (<0.550),Q4 (Highest GDP),Q2,1459162.3925395343,14
C_Risk,Low income,Low (<0.550),Q4 (Highest GDP),Q3,940060.8521148738,5
C_Risk,Low income,Low (<0.550),Q4 (Highest GDP),Q4 (Highest Gini),166716.7210802191,5
C_Risk,Low income,Medium (0.550-0.700),Q2,Q1 (Lowest Gini),756.3782534839946,1
C_Risk,Low income,Medium (0.550-0.700),Q2,Q2,8878.713996872688,3
C_Risk,Low income,Medium (0.550-0.700),Q2,Q3,734.4692710171149,1
C_Risk,Low income,Medium (0.550-0.700),Q3,Q1 (Lowest Gini),51688.48037437079,6
C_Risk,Low income,Medium (0.550-0.700),Q3,Q2,53882.252452137494,4
C_Risk,Low income,Medium (0.550-0.700),Q3,Q3,33068.80317163837,4
C_Risk,Low income,Medium (0.550-0.700),Q4 (Highest GDP),Q1 (Lowest Gini),3898316.314428134,29
C_Risk,Low income,Medium (0.550-0.700),Q4 (Highest GDP),Q2,895996.4797370869,4
C_Risk,Low income,Medium (0.550-0.700),Q4 (Highest GDP),Q3,2677322.635373422,10
C_Risk,Low income,Medium (0.550-0.700),Q4 (Highest GDP),Q4 (Highest Gini),894618.7461291148,5
C_Risk,Low income,High (0.700-0.800),Q2,Q3,2513.4148619145635,1
C_Risk,Low income,High (0.700-0.800),Q3,Q2,8431.422768990096,2
C_Risk,Low income,High (0.700-0.800),Q4 (Highest GDP),Q1 (Lowest Gini),4170952.6416230923,4
C_Risk,Low income,High (0.700-0.800),Q4 (Highest GDP),Q2,251916.60379518286,3
C_Risk,Low income,High (0.700-0.800),Q4 (Highest GDP),Q3,667782.7790266505,1
C_Risk,Lower middle income,Low (<0.550),Q1 (Lowest GDP),Q1 (Lowest Gini),45.07551805675028,2
C_Risk,Lower middle income,Low (<0.550),Q1 (Lowest GDP),Q2,65.40090174794409,1
C_Risk,Lower middle income,Low (<0.550),Q1 (Lowest GDP),Q3,682.0427635354672,9
C_Risk,Lower middle income,Low (<0.550),Q1 (Lowest GDP),Q4 (Highest Gini),5.402156919750913,6
C_Risk,Lower middle income,Low (<0.550),Q2,Q2,1867.811071122419,4
C_Risk,Lower middle income,Low (<0.550),Q2,Q3,10149.270105430482,9
C_Risk,Lower middle income,Low (<0.550),Q2,Q4 (Highest Gini),685.414616735977,2
C_Risk,Lower middle income,Low (<0.550),Q3,Q1 (Lowest Gini),11936.858033868955,4
C_Risk,Lower middle income,Low (<0.550),Q3,Q2,103561.67743126149,17
C_Risk,Lower middle income,Low (<0.550),Q3,Q3,42436.94938024803,4
C_Risk,Lower middle income,Low (<0.550),Q3,Q4 (Highest Gini),30801.608202552765,5
C_Risk,Lower middle income,Low (<0.550),Q4 (Highest GDP),Q1 (Lowest Gini),147711.55416619437,2
C_Risk,Lower middle income,Low (<0.550),Q4 (Highest GDP),Q2,252156.09955437912,8
C_Risk,Lower middle income,Low (<0.550),Q4 (Highest GDP),Q3,23173.574708812062,1
C_Risk,Lower middle income,Medium (0.550-0.700),Q1 (Lowest GDP),Q1 (Lowest Gini),69.65599429868324,4
C_Risk,Lower middle income,Medium (0.550-0.700),Q1 (Lowest GDP),Q2,625.268416286537,14
C_Risk,Lower middle income,Medium (0.550-0.700),Q1 (Lowest GDP),Q3,616.4239303709817,13
C_Risk,Lower middle income,Medium (0.550-0.700),Q1 (Lowest GDP),Q4 (Highest Gini),74.70547446608543,6
C_Risk,Lower middle income,Medium (0.550-0.700),Q2,Q1 (Lowest Gini),2139.264603639284,4
C_Risk,Lower middle income,Medium (0.550-0.700),Q2,Q2,5607.629867043481,11
C_Risk,Lower middle income,Medium (0.550-0.700),Q2,Q3,22396.273984231455,31
C_Risk,Lower middle income,Medium (0.550-0.700),Q2,Q4 (Highest Gini),4051.1248861193185,6
C_Risk,Lower middle income,Medium (0.550-0.700),Q3,Q1 (Lowest Gini),16604.097338187188,4
C_Risk,Lower middle income,Medium (0.550-0.700),Q3,Q2,326708.22486116044,78
C_Risk,Lower middle income,Medium (0.550-0.700),Q3,Q3,210085.7372374017,65
C_Risk,Lower middle income,Medium (0.550-0.700),Q3,Q4 (Highest Gini),29111.712527264528,9
C_Risk,Lower middle income,Medium (0.550-0.700),Q4 (Highest GDP),Q1 (Lowest Gini),2491703.8360022884,15
C_Risk,Lower middle income,Medium (0.550-0.700),Q4 (Highest GDP),Q2,5420705.276944652,120
C_Risk,Lower middle income,Medium (0.550-0.700),Q4 (Highest GDP),Q3,7624292.690023593,129
C_Risk,Lower middle income,Medium (0.550-0.700),Q4 (Highest GDP),Q4 (Highest Gini),631111.7090169807,17
C_Risk,Lower middle income,High (0.700-0.800),Q1 (Lowest GDP),Q1 (Lowest Gini),10.572105947620125,1
C_Risk,Lower middle income,High (0.700-0.800),Q1 (Lowest GDP),Q4 (Highest Gini),22.69229739633643,1
C_Risk,Lower middle income,High (0.700-0.800),Q2,Q1 (Lowest Gini),2314.4604827545663,5
C_Risk,Lower middle income,High (0.700-0.800),Q2,Q2,903.6891748417275,2
C_Risk,Lower middle income,High (0.700-0.800),Q2,Q3,1350.5513891847384,1
C_Risk,Lower middle income,High (0.700-0.800),Q3,Q1 (Lowest Gini),26821.88354019208,12
C_Risk,Lower middle income,High (0.700-0.800),Q3,Q2,41600.84134262807,9
C_Risk,Lower middle income,High (0.700-0.800),Q3,Q3,5287.773658086332,3
C_Risk,Lower middle income,High (0.700-0.800),Q3,NA,9816.684749400798,4
C_Risk,Lower middle income,High (0.700-0.800),Q4 (Highest GDP),Q1 (Lowest Gini),4398723.199756533,27
C_Risk,Lower middle income,High (0.700-0.800),Q4 (Highest GDP),Q2,13216533.815288126,99
C_Risk,Lower middle income,High (0.700-0.800),Q4 (Highest GDP),Q3,31691406.776394725,111
C_Risk,Lower middle income,High (0.700-0.800),Q4 (Highest GDP),Q4 (Highest Gini),769681.864309417,7
C_Risk,Lower middle income,High (0.700-0.800),Q4 (Highest GDP),NA,23105.49506991684,2
C_Risk,Lower middle income,Very High (>0.800),Q4 (Highest GDP),Q1 (Lowest Gini),703047.2126567379,4
C_Risk,Lower middle income,Very High (>0.800),Q4 (Highest GDP),Q2,1299650.6375651986,7
C_Risk,Lower middle income,Very High (>0.800),Q4 (Highest GDP),Q3,9035048.985460605,17
C_Risk,Lower middle income,Very High (>0.800),Q4 (Highest GDP),Q4 (Highest Gini),433213.64485481166,2
C_Risk,Lower middle income,Very High (>0.800),Q4 (Highest GDP),NA,231058.77312342837,4
C_Risk,Upper middle income,Low (<0.550),Q1 (Lowest GDP),Q3,1.1318744584351488,3
C_Risk,Upper middle income,Low (<0.550),Q1 (Lowest GDP),Q4 (Highest Gini),363.4430362595679,13
C_Risk,Upper middle income,Low (<0.550),Q2,Q3,750.2194687175529,4
C_Risk,Upper middle income,Low (<0.550),Q2,Q4 (Highest Gini),633.7272064909494,6
C_Risk,Upper middle income,Low (<0.550),Q3,Q3,2447.6053492980654,1
C_Risk,Upper middle income,Medium (0.550-0.700),Q1 (Lowest GDP),Q1 (Lowest Gini),87.41545962438383,37
C_Risk,Upper middle income,Medium (0.550-0.700),Q1 (Lowest GDP),Q3,172.09170514890664,19
C_Risk,Upper middle income,Medium (0.550-0.700),Q1 (Lowest GDP),Q4 (Highest Gini),750.6676559282471,31
C_Risk,Upper middle income,Medium (0.550-0.700),Q2,Q1 (Lowest Gini),270.71471855199667,4
C_Risk,Upper middle income,Medium (0.550-0.700),Q2,Q2,428.8865939831022,4
C_Risk,Upper middle income,Medium (0.550-0.700),Q2,Q3,4316.861424851525,23
C_Risk,Upper middle income,Medium (0.550-0.700),Q2,Q4 (Highest Gini),11524.644985251496,45
C_Risk,Upper middle income,Medium (0.550-0.700),Q3,Q1 (Lowest Gini),2111.590038543628,3
C_Risk,Upper middle income,Medium (0.550-0.700),Q3,Q2,6687.636465001188,7
C_Risk,Upper middle income,Medium (0.550-0.700),Q3,Q3,56635.541007581305,37
C_Risk,Upper middle income,Medium (0.550-0.700),Q3,Q4 (Highest Gini),67841.74662067488,33
C_Risk,Upper middle income,Medium (0.550-0.700),Q4 (Highest GDP),Q1 (Lowest Gini),84259.31167762681,2
C_Risk,Upper middle income,Medium (0.550-0.700),Q4 (Highest GDP),Q2,163086.11022662173,8
C_Risk,Upper middle income,Medium (0.550-0.700),Q4 (Highest GDP),Q3,501676.01890801237,33
C_Risk,Upper middle income,Medium (0.550-0.700),Q4 (Highest GDP),Q4 (Highest Gini),246017.29783939302,16
C_Risk,Upper middle income,High (0.700-0.800),Q1 (Lowest GDP),Q1 (Lowest Gini),91.05198360001103,39
C_Risk,Upper middle income,High (0.700-0.800),Q1 (Lowest GDP),Q2,9.318864539265636,1
C_Risk,Upper middle income,High (0.700-0.800),Q1 (Lowest GDP),Q3,76.82038149206733,15
C_Risk,Upper middle income,High (0.700-0.800),Q1 (Lowest GDP),Q4 (Highest Gini),88.14043175938119,7
C_Risk,Upper middle income,High (0.700-0.800),Q2,Q1 (Lowest Gini),1320.811546578619,17
C_Risk,Upper middle income,High (0.700-0.800),Q2,Q3,1440.1049134297427,15
C_Risk,Upper middle income,High (0.700-0.800),Q2,Q4 (Highest Gini),2395.9322297487884,7
C_Risk,Upper middle income,High (0.700-0.800),Q3,Q1 (Lowest Gini),20138.88614514197,27
C_Risk,Upper middle income,High (0.700-0.800),Q3,Q2,3191.589998249211,1
C_Risk,Upper middle income,High (0.700-0.800),Q3,Q3,65311.531367905445,42
C_Risk,Upper middle income,High (0.700-0.800),Q3,Q4 (Highest Gini),108727.51838920848,37
C_Risk,Upper middle income,High (0.700-0.800),Q4 (Highest GDP),Q1 (Lowest Gini),5023680.467491303,76
C_Risk,Upper middle income,High (0.700-0.800),Q4 (Highest GDP),Q2,7148359.918769964,93
C_Risk,Upper middle income,High (0.700-0.800),Q4 (Highest GDP),Q3,8058710.017916252,145
C_Risk,Upper middle income,High (0.700-0.800),Q4 (Highest GDP),Q4 (Highest Gini),15776449.251982387,137
C_Risk,Upper middle income,Very High (>0.800),Q1 (Lowest GDP),Q1 (Lowest Gini),0,4
C_Risk,Upper middle income,Very High (>0.800),Q1 (Lowest GDP),Q3,6.131561571732163,2
C_Risk,Upper middle income,Very High (>0.800),Q1 (Lowest GDP),Q4 (Highest Gini),33.571788784703756,1
C_Risk,Upper middle income,Very High (>0.800),Q2,Q1 (Lowest Gini),326.7664635589218,1
C_Risk,Upper middle income,Very High (>0.800),Q2,Q3,13.015009546915573,1
C_Risk,Upper middle income,Very High (>0.800),Q3,Q1 (Lowest Gini),5287.455941304179,5
C_Risk,Upper middle income,Very High (>0.800),Q3,Q3,7287.1539733207455,4
C_Risk,Upper middle income,Very High (>0.800),Q3,Q4 (Highest Gini),270.19135606248676,1
C_Risk,Upper middle income,Very High (>0.800),Q4 (Highest GDP),Q1 (Lowest Gini),13088362.061326277,72
C_Risk,Upper middle income,Very High (>0.800),Q4 (Highest GDP),Q2,14115642.487544492,63
C_Risk,Upper middle income,Very High (>0.800),Q4 (Highest GDP),Q3,14235861.801464522,114
C_Risk,Upper middle income,Very High (>0.800),Q4 (Highest GDP),Q4 (Highest Gini),4701590.517613024,30
C_Risk_Red_Ratio,High income,Medium (0.550-0.700),Q2,Q4 (Highest Gini),78.45072937663645,1
C_Risk_Red_Ratio,High income,High (0.700-0.800),Q1 (Lowest GDP),Q1 (Lowest Gini),18.18694259678773,12
C_Risk_Red_Ratio,High income,High (0.700-0.800),Q1 (Lowest GDP),Q2,3.1203470547760452,6
C_Risk_Red_Ratio,High income,High (0.700-0.800),Q1 (Lowest GDP),Q3,4.529840487965861,3
C_Risk_Red_Ratio,High income,High (0.700-0.800),Q2,Q1 (Lowest Gini),1016.8467654164299,19
C_Risk_Red_Ratio,High income,High (0.700-0.800),Q2,Q2,293.45040181826715,7
C_Risk_Red_Ratio,High income,High (0.700-0.800),Q2,Q3,51.858999969896146,2
C_Risk_Red_Ratio,High income,High (0.700-0.800),Q3,Q1 (Lowest Gini),7697.997639890933,17
C_Risk_Red_Ratio,High income,High (0.700-0.800),Q3,Q2,1756.5230166903318,4
C_Risk_Red_Ratio,High income,High (0.700-0.800),Q3,Q3,889.8253489774484,2
C_Risk_Red_Ratio,High income,High (0.700-0.800),Q3,NA,611.0631871645435,1
C_Risk_Red_Ratio,High income,High (0.700-0.800),Q4 (Highest GDP),Q1 (Lowest Gini),12497.281712397951,4
C_Risk_Red_Ratio,High income,High (0.700-0.800),Q4 (Highest GDP),Q2,805209.38437448,4
C_Risk_Red_Ratio,High income,Very High (>0.800),Q1 (Lowest GDP),Q1 (Lowest Gini),143.178064803137,61
C_Risk_Red_Ratio,High income,Very High (>0.800),Q1 (Lowest GDP),Q2,6.146707837304217,13
C_Risk_Red_Ratio,High income,Very High (>0.800),Q1 (Lowest GDP),Q3,11.713956319790064,11
C_Risk_Red_Ratio,High income,Very High (>0.800),Q2,Q1 (Lowest Gini),4744.27852777443,102
C_Risk_Red_Ratio,High income,Very High (>0.800),Q2,Q2,458.0903845947878,13
C_Risk_Red_Ratio,High income,Very High (>0.800),Q2,Q3,280.5988561531375,7
C_Risk_Red_Ratio,High income,Very High (>0.800),Q3,Q1 (Lowest Gini),93699.9035903823,218
C_Risk_Red_Ratio,High income,Very High (>0.800),Q3,Q2,36596.42380741016,47
C_Risk_Red_Ratio,High income,Very High (>0.800),Q3,Q3,6944.248272226645,20
C_Risk_Red_Ratio,High income,Very High (>0.800),Q4 (Highest GDP),Q1 (Lowest Gini),40081149.283086665,817
C_Risk_Red_Ratio,High income,Very High (>0.800),Q4 (Highest GDP),Q2,23322269.750171736,357
C_Risk_Red_Ratio,High income,Very High (>0.800),Q4 (Highest GDP),Q3,5387305.765649377,116
C_Risk_Red_Ratio,High income,Very High (>0.800),Q4 (Highest GDP),NA,104696.98875977793,1
C_Risk_Red_Ratio,Low income,Low (<0.550),Q1 (Lowest GDP),Q2,614.0976011045773,5
C_Risk_Red_Ratio,Low income,Low (<0.550),Q1 (Lowest GDP),Q3,95.19306622205056,1
C_Risk_Red_Ratio,Low income,Low (<0.550),Q2,Q1 (Lowest Gini),18604.222154361392,8
C_Risk_Red_Ratio,Low income,Low (<0.550),Q2,Q2,21954.26395237678,13
C_Risk_Red_Ratio,Low income,Low (<0.550),Q2,Q3,30880.520489308445,19
C_Risk_Red_Ratio,Low income,Low (<0.550),Q2,Q4 (Highest Gini),3117.618434701465,2
C_Risk_Red_Ratio,Low income,Low (<0.550),Q3,Q1 (Lowest Gini),154424.97097423338,20
C_Risk_Red_Ratio,Low income,Low (<0.550),Q3,Q2,99625.42022768607,18
C_Risk_Red_Ratio,Low income,Low (<0.550),Q3,Q3,136676.7960462488,15
C_Risk_Red_Ratio,Low income,Low (<0.550),Q3,Q4 (Highest Gini),103264.87503597184,7
C_Risk_Red_Ratio,Low income,Low (<0.550),Q4 (Highest GDP),Q1 (Lowest Gini),694313.3907181282,5
C_Risk_Red_Ratio,Low income,Low (<0.550),Q4 (Highest GDP),Q2,1459162.3925395343,14
C_Risk_Red_Ratio,Low income,Low (<0.550),Q4 (Highest GDP),Q3,940060.8521148738,5
C_Risk_Red_Ratio,Low income,Low (<0.550),Q4 (Highest GDP),Q4 (Highest Gini),166716.7210802191,5
C_Risk_Red_Ratio,Low income,Medium (0.550-0.700),Q2,Q1 (Lowest Gini),756.3782534839946,1
C_Risk_Red_Ratio,Low income,Medium (0.550-0.700),Q2,Q2,8878.713996872688,3
C_Risk_Red_Ratio,Low income,Medium (0.550-0.700),Q2,Q3,734.4692710171149,1
C_Risk_Red_Ratio,Low income,Medium (0.550-0.700),Q3,Q1 (Lowest Gini),51688.48037437079,6
C_Risk_Red_Ratio,Low income,Medium (0.550-0.700),Q3,Q2,53882.252452137494,4
C_Risk_Red_Ratio,Low income,Medium (0.550-0.700),Q3,Q3,33068.80317163837,4
C_Risk_Red_Ratio,Low income,Medium (0.550-0.700),Q4 (Highest GDP),Q1 (Lowest Gini),3898316.314428134,29
C_Risk_Red_Ratio,Low income,Medium (0.550-0.700),Q4 (Highest GDP),Q2,895996.4797370869,4
C_Risk_Red_Ratio,Low income,Medium (0.550-0.700),Q4 (Highest GDP),Q3,2677322.635373422,10
C_Risk_Red_Ratio,Low income,Medium (0.550-0.700),Q4 (Highest GDP),Q4 (Highest Gini),894618.7461291148,5
C_Risk_Red_Ratio,Low income,High (0.700-0.800),Q2,Q3,2513.4148619145635,1
C_Risk_Red_Ratio,Low income,High (0.700-0.800),Q3,Q2,8431.422768990096,2
C_Risk_Red_Ratio,Low income,High (0.700-0.800),Q4 (Highest GDP),Q1 (Lowest Gini),4170952.6416230923,4
C_Risk_Red_Ratio,Low income,High (0.700-0.800),Q4 (Highest GDP),Q2,251916.60379518286,3
C_Risk_Red_Ratio,Low income,High (0.700-0.800),Q4 (Highest GDP),Q3,667782.7790266505,1
C_Risk_Red_Ratio,Lower middle income,Low (<0.550),Q1 (Lowest GDP),Q1 (Lowest Gini),45.07551805675028,2
C_Risk_Red_Ratio,Lower middle income,Low (<0.550),Q1 (Lowest GDP),Q2,65.40090174794409,1
C_Risk_Red_Ratio,Lower middle income,Low (<0.550),Q1 (Lowest GDP),Q3,682.0427635354672,9
C_Risk_Red_Ratio,Lower middle income,Low (<0.550),Q1 (Lowest GDP),Q4 (Highest Gini),5.402156919750913,6
C_Risk_Red_Ratio,Lower middle income,Low (<0.550),Q2,Q2,1867.811071122419,4
C_Risk_Red_Ratio,Lower middle income,Low (<0.550),Q2,Q3,10149.270105430482,9
C_Risk_Red_Ratio,Lower middle income,Low (<0.550),Q2,Q4 (Highest Gini),685.414616735977,2
C_Risk_Red_Ratio,Lower middle income,Low (<0.550),Q3,Q1 (Lowest Gini),11936.858033868955,4
C_Risk_Red_Ratio,Lower middle income,Low (<0.550),Q3,Q2,103561.67743126149,17
C_Risk_Red_Ratio,Lower middle income,Low (<0.550),Q3,Q3,42436.94938024803,4
C_Risk_Red_Ratio,Lower middle income,Low (<0.550),Q3,Q4 (Highest Gini),30801.608202552765,5
C_Risk_Red_Ratio,Lower middle income,Low (<0.550),Q4 (Highest GDP),Q1 (Lowest Gini),147711.55416619437,2
C_Risk_Red_Ratio,Lower middle income,Low (<0.550),Q4 (Highest GDP),Q2,252156.09955437912,8
C_Risk_Red_Ratio,Lower middle income,Low (<0.550),Q4 (Highest GDP),Q3,23173.574708812062,1
C_Risk_Red_Ratio,Lower middle income,Medium (0.550-0.700),Q1 (Lowest GDP),Q1 (Lowest Gini),69.65599429868324,4
C_Risk_Red_Ratio,Lower middle income,Medium (0.550-0.700),Q1 (Lowest GDP),Q2,625.268416286537,14
C_Risk_Red_Ratio,Lower middle income,Medium (0.550-0.700),Q1 (Lowest GDP),Q3,616.4239303709817,13
C_Risk_Red_Ratio,Lower middle income,Medium (0.550-0.700),Q1 (Lowest GDP),Q4 (Highest Gini),63.84625993669032,5
C_Risk_Red_Ratio,Lower middle income,Medium (0.550-0.700),Q2,Q1 (Lowest Gini),2139.264603639284,4
C_Risk_Red_Ratio,Lower middle income,Medium (0.550-0.700),Q2,Q2,5607.629867043481,11
C_Risk_Red_Ratio,Lower middle income,Medium (0.550-0.700),Q2,Q3,22396.273984231455,31
C_Risk_Red_Ratio,Lower middle income,Medium (0.550-0.700),Q2,Q4 (Highest Gini),4051.1248861193185,6
C_Risk_Red_Ratio,Lower middle income,Medium (0.550-0.700),Q3,Q1 (Lowest Gini),16604.097338187188,4
C_Risk_Red_Ratio,Lower middle income,Medium (0.550-0.700),Q3,Q2,324249.2824390847,77
C_Risk_Red_Ratio,Lower middle income,Medium (0.550-0.700),Q3,Q3,210085.7372374017,65
C_Risk_Red_Ratio,Lower middle income,Medium (0.550-0.700),Q3,Q4 (Highest Gini),26869.623388890053,8
C_Risk_Red_Ratio,Lower middle income,Medium (0.550-0.700),Q4 (Highest GDP),Q1 (Lowest Gini),2491703.8360022884,15
C_Risk_Red_Ratio,Lower middle income,Medium (0.550-0.700),Q4 (Highest GDP),Q2,5414707.38649622,119
C_Risk_Red_Ratio,Lower middle income,Medium (0.550-0.700),Q4 (Highest GDP),Q3,7520148.434958321,126
C_Risk_Red_Ratio,Lower middle income,Medium (0.550-0.700),Q4 (Highest GDP),Q4 (Highest Gini),494414.2747536412,16
C_Risk_Red_Ratio,Lower middle income,High (0.700-0.800),Q1 (Lowest GDP),Q4 (Highest Gini),22.69229739633643,1
C_Risk_Red_Ratio,Lower middle income,High (0.700-0.800),Q2,Q1 (Lowest Gini),2314.4604827545663,5
C_Risk_Red_Ratio,Lower middle income,High (0.700-0.800),Q2,Q2,903.6891748417275,2
C_Risk_Red_Ratio,Lower middle income,High (0.700-0.800),Q2,Q3,1350.5513891847384,1
C_Risk_Red_Ratio,Lower middle income,High (0.700-0.800),Q3,Q1 (Lowest Gini),26821.88354019208,12
C_Risk_Red_Ratio,Lower middle income,High (0.700-0.800),Q3,Q2,32035.951676852434,8
C_Risk_Red_Ratio,Lower middle income,High (0.700-0.800),Q3,Q3,5287.773658086332,3
C_Risk_Red_Ratio,Lower middle income,High (0.700-0.800),Q3,NA,9816.684749400798,4
C_Risk_Red_Ratio,Lower middle income,High (0.700-0.800),Q4 (Highest GDP),Q1 (Lowest Gini),4398723.199756533,27
C_Risk_Red_Ratio,Lower middle income,High (0.700-0.800),Q4 (Highest GDP),Q2,13255721.669539839,100
C_Risk_Red_Ratio,Lower middle income,High (0.700-0.800),Q4 (Highest GDP),Q3,31691406.776394725,111
C_Risk_Red_Ratio,Lower middle income,High (0.700-0.800),Q4 (Highest GDP),Q4 (Highest Gini),769681.864309417,7
C_Risk_Red_Ratio,Lower middle income,High (0.700-0.800),Q4 (Highest GDP),NA,23105.49506991684,2
C_Risk_Red_Ratio,Lower middle income,Very High (>0.800),Q4 (Highest GDP),Q1 (Lowest Gini),703047.2126567379,4
C_Risk_Red_Ratio,Lower middle income,Very High (>0.800),Q4 (Highest GDP),Q2,1299650.6375651986,7
C_Risk_Red_Ratio,Lower middle income,Very High (>0.800),Q4 (Highest GDP),Q3,9035048.985460605,17
C_Risk_Red_Ratio,Lower middle income,Very High (>0.800),Q4 (Highest GDP),Q4 (Highest Gini),433213.64485481166,2
C_Risk_Red_Ratio,Lower middle income,Very High (>0.800),Q4 (Highest GDP),NA,231058.77312342837,4
C_Risk_Red_Ratio,Upper middle income,Low (<0.550),Q1 (Lowest GDP),Q3,1.1318744584351488,3
C_Risk_Red_Ratio,Upper middle income,Low (<0.550),Q1 (Lowest GDP),Q4 (Highest Gini),363.4430362595679,13
C_Risk_Red_Ratio,Upper middle income,Low (<0.550),Q2,Q3,750.2194687175529,4
C_Risk_Red_Ratio,Upper middle income,Low (<0.550),Q2,Q4 (Highest Gini),633.7272064909494,6
C_Risk_Red_Ratio,Upper middle income,Low (<0.550),Q3,Q3,2447.6053492980654,1
C_Risk_Red_Ratio,Upper middle income,Medium (0.550-0.700),Q1 (Lowest GDP),Q1 (Lowest Gini),84.12000282936194,36
C_Risk_Red_Ratio,Upper middle income,Medium (0.550-0.700),Q1 (Lowest GDP),Q3,172.09170514890664,19
C_Risk_Red_Ratio,Upper middle income,Medium (0.550-0.700),Q1 (Lowest GDP),Q4 (Highest Gini),750.6676559282471,31
C_Risk_Red_Ratio,Upper middle income,Medium (0.550-0.700),Q2,Q1 (Lowest Gini),270.71471855199667,4
C_Risk_Red_Ratio,Upper middle income,Medium (0.550-0.700),Q2,Q2,428.8865939831022,4
C_Risk_Red_Ratio,Upper middle income,Medium (0.550-0.700),Q2,Q3,4316.861424851525,23
C_Risk_Red_Ratio,Upper middle income,Medium (0.550-0.700),Q2,Q4 (Highest Gini),11524.644985251496,45
C_Risk_Red_Ratio,Upper middle income,Medium (0.550-0.700),Q3,Q1 (Lowest Gini),2111.590038543628,3
C_Risk_Red_Ratio,Upper middle income,Medium (0.550-0.700),Q3,Q2,6687.636465001188,7
C_Risk_Red_Ratio,Upper middle income,Medium (0.550-0.700),Q3,Q3,55991.56161961051,36
C_Risk_Red_Ratio,Upper middle income,Medium (0.550-0.700),Q3,Q4 (Highest Gini),67841.74662067488,33
C_Risk_Red_Ratio,Upper middle income,Medium (0.550-0.700),Q4 (Highest GDP),Q1 (Lowest Gini),84259.31167762681,2
C_Risk_Red_Ratio,Upper middle income,Medium (0.550-0.700),Q4 (Highest GDP),Q2,163086.11022662173,8
C_Risk_Red_Ratio,Upper middle income,Medium (0.550-0.700),Q4 (Highest GDP),Q3,501676.01890801237,33
C_Risk_Red_Ratio,Upper middle income,Medium (0.550-0.700),Q4 (Highest GDP),Q4 (Highest Gini),246017.29783939302,16
C_Risk_Red_Ratio,Upper middle income,High (0.700-0.800),Q1 (Lowest GDP),Q1 (Lowest Gini),91.05198360001103,39
C_Risk_Red_Ratio,Upper middle income,High (0.700-0.800),Q1 (Lowest GDP),Q2,9.318864539265636,1
C_Risk_Red_Ratio,Upper middle income,High (0.700-0.800),Q1 (Lowest GDP),Q3,76.82038149206733,15
C_Risk_Red_Ratio,Upper middle income,High (0.700-0.800),Q1 (Lowest GDP),Q4 (Highest Gini),88.14043175938119,7
C_Risk_Red_Ratio,Upper middle income,High (0.700-0.800),Q2,Q1 (Lowest Gini),1320.811546578619,17
C_Risk_Red_Ratio,Upper middle income,High (0.700-0.800),Q2,Q3,1440.1049134297427,15
C_Risk_Red_Ratio,Upper middle income,High (0.700-0.800),Q2,Q4 (Highest Gini),2395.9322297487884,7
C_Risk_Red_Ratio,Upper middle income,High (0.700-0.800),Q3,Q1 (Lowest Gini),20138.88614514197,27
C_Risk_Red_Ratio,Upper middle income,High (0.700-0.800),Q3,Q2,3191.589998249211,1
C_Risk_Red_Ratio,Upper middle income,High (0.700-0.800),Q3,Q3,65311.531367905445,42
C_Risk_Red_Ratio,Upper middle income,High (0.700-0.800),Q3,Q4 (Highest Gini),108727.51838920848,37
C_Risk_Red_Ratio,Upper middle income,High (0.700-0.800),Q4 (Highest GDP),Q1 (Lowest Gini),5107460.592913251,78
C_Risk_Red_Ratio,Upper middle income,High (0.700-0.800),Q4 (Highest GDP),Q2,7148359.918769964,93
C_Risk_Red_Ratio,Upper middle income,High (0.700-0.800),Q4 (Highest GDP),Q3,8058710.017916252,145
C_Risk_Red_Ratio,Upper middle income,High (0.700-0.800),Q4 (Highest GDP),Q4 (Highest Gini),15645335.787774866,136
C_Risk_Red_Ratio,Upper middle income,Very High (>0.800),Q1 (Lowest GDP),Q1 (Lowest Gini),0,4
C_Risk_Red_Ratio,Upper middle income,Very High (>0.800),Q1 (Lowest GDP),Q3,6.131561571732163,2
C_Risk_Red_Ratio,Upper middle income,Very High (>0.800),Q1 (Lowest GDP),Q4 (Highest Gini),33.571788784703756,1
C_Risk_Red_Ratio,Upper middle income,Very High (>0.800),Q2,Q1 (Lowest Gini),326.7664635589218,1
C_Risk_Red_Ratio,Upper middle income,Very High (>0.800),Q2,Q3,13.015009546915573,1
C_Risk_Red_Ratio,Upper middle income,Very High (>0.800),Q3,Q1 (Lowest Gini),5287.455941304179,5
C_Risk_Red_Ratio,Upper middle income,Very High (>0.800),Q3,Q3,7287.1539733207455,4
C_Risk_Red_Ratio,Upper middle income,Very High (>0.800),Q3,Q4 (Highest Gini),270.19135606248676,1
C_Risk_Red_Ratio,Upper middle income,Very High (>0.800),Q4 (Highest GDP),Q1 (Lowest Gini),13091918.439909125,73
C_Risk_Red_Ratio,Upper middle income,Very High (>0.800),Q4 (Highest GDP),Q2,14115642.487544492,63
C_Risk_Red_Ratio,Upper middle income,Very High (>0.800),Q4 (Highest GDP),Q3,14235861.801464522,114
C_Risk_Red_Ratio,Upper middle income,Very High (>0.800),Q4 (Highest GDP),Q4 (Highest Gini),4701590.517613024,30
N_export,High income,Medium (0.550-0.700),Q1 (Lowest GDP),Q2,0.9889225004008038,1
N_export,High income,Medium (0.550-0.700),Q1 (Lowest GDP),NA,30.609292981516923,1
N_export,High income,High (0.700-0.800),Q1 (Lowest GDP),Q1 (Lowest Gini),1922.141872937786,878
N_export,High income,High (0.700-0.800),Q1 (Lowest GDP),Q2,389.3195332605117,107
N_export,High income,High (0.700-0.800),Q1 (Lowest GDP),Q3,102.04045684193314,40
N_export,High income,High (0.700-0.800),Q2,Q1 (Lowest Gini),27786.116202802263,639
N_export,High income,High (0.700-0.800),Q2,Q2,5641.505289424834,113
N_export,High income,High (0.700-0.800),Q2,Q3,2203.1582396999834,45
N_export,High income,High (0.700-0.800),Q3,Q1 (Lowest Gini),182190.1477648331,311
N_export,High income,High (0.700-0.800),Q3,Q2,91630.08392076113,165
N_export,High income,High (0.700-0.800),Q3,Q3,20181.708953983776,57
N_export,High income,High (0.700-0.800),Q3,NA,4591.863247129986,3
N_export,High income,High (0.700-0.800),Q4 (Highest GDP),Q1 (Lowest Gini),247999.74531109488,82
N_export,High income,High (0.700-0.800),Q4 (Highest GDP),Q2,325521.58489697316,97
N_export,High income,High (0.700-0.800),Q4 (Highest GDP),Q3,14895.225551860054,11
N_export,High income,High (0.700-0.800),Q4 (Highest GDP),NA,12082.916900482745,2
N_export,High income,Very High (>0.800),Q1 (Lowest GDP),Q1 (Lowest Gini),597.9414062472792,320
N_export,High income,Very High (>0.800),Q1 (Lowest GDP),Q2,547.9418142816285,123
N_export,High income,Very High (>0.800),Q1 (Lowest GDP),Q3,49.63913359308562,30
N_export,High income,Very High (>0.800),Q2,Q1 (Lowest Gini),19068.25414446807,361
N_export,High income,Very High (>0.800),Q2,Q2,10575.174106844834,216
N_export,High income,Very High (>0.800),Q2,Q3,1251.5470790135184,33
N_export,High income,Very High (>0.800),Q3,Q1 (Lowest Gini),469864.7175962836,797
N_export,High income,Very High (>0.800),Q3,Q2,356416.88279168704,493
N_export,High income,Very High (>0.800),Q3,Q3,23474.566991244374,63
N_export,High income,Very High (>0.800),Q4 (Highest GDP),Q1 (Lowest Gini),28317143.658212435,2030
N_export,High income,Very High (>0.800),Q4 (Highest GDP),Q2,30886333.60303524,1640
N_export,High income,Very High (>0.800),Q4 (Highest GDP),Q3,5788628.108793305,194
N_export,High income,Very High (>0.800),Q4 (Highest GDP),NA,113268.7881888116,2
N_export,Low income,Low (<0.550),Q1 (Lowest GDP),Q1 (Lowest Gini),17456.21938182103,288
N_export,Low income,Low (<0.550),Q1 (Lowest GDP),Q2,81573.44527409198,1094
N_export,Low income,Low (<0.550),Q1 (Lowest GDP),Q3,47531.097457559314,815
N_export,Low income,Low (<0.550),Q1 (Lowest GDP),Q4 (Highest Gini),35358.39680145343,799
N_export,Low income,Low (<0.550),Q2,Q1 (Lowest Gini),501576.7354310663,242
N_export,Low income,Low (<0.550),Q2,Q2,1323901.6157573855,764
N_export,Low income,Low (<0.550),Q2,Q3,1231768.3676435072,623
N_export,Low income,Low (<0.550),Q2,Q4 (Highest Gini),260668.91031388714,208
N_export,Low income,Low (<0.550),Q3,Q1 (Lowest Gini),1726416.1540135643,192
N_export,Low income,Low (<0.550),Q3,Q2,7672327.5344549315,787
N_export,Low income,Low (<0.550),Q3,Q3,9131343.536742503,805
N_export,Low income,Low (<0.550),Q3,Q4 (Highest Gini),2297439.833110979,224
N_export,Low income,Low (<0.550),Q4 (Highest GDP),Q1 (Lowest Gini),2269877.604391685,36
N_export,Low income,Low (<0.550),Q4 (Highest GDP),Q2,6982822.773650552,147
N_export,Low income,Low (<0.550),Q4 (Highest GDP),Q3,13502875.214801632,196
N_export,Low income,Low (<0.550),Q4 (Highest GDP),Q4 (Highest Gini),3104473.3419820922,66
N_export,Low income,Medium (0.550-0.700),Q1 (Lowest GDP),Q1 (Lowest Gini),610.7785976587913,38
N_export,Low income,Medium (0.550-0.700),Q1 (Lowest GDP),Q2,800.5998967550299,51
N_export,Low income,Medium (0.550-0.700),Q1 (Lowest GDP),Q3,1762.8445150649088,54
N_export,Low income,Medium (0.550-0.700),Q1 (Lowest GDP),Q4 (Highest Gini),736.6009352816568,11
N_export,Low income,Medium (0.550-0.700),Q2,Q1 (Lowest Gini),12052.814933800273,22
N_export,Low income,Medium (0.550-0.700),Q2,Q2,26293.00514150793,33
N_export,Low income,Medium (0.550-0.700),Q2,Q3,39458.17479814436,32
N_export,Low income,Medium (0.550-0.700),Q2,Q4 (Highest Gini),137855.71613945544,60
N_export,Low income,Medium (0.550-0.700),Q3,Q1 (Lowest Gini),302528.3608718743,49
N_export,Low income,Medium (0.550-0.700),Q3,Q2,536137.3590124832,89
N_export,Low income,Medium (0.550-0.700),Q3,Q3,433567.66570535576,52
N_export,Low income,Medium (0.550-0.700),Q3,Q4 (Highest Gini),495053.64351155923,70
N_export,Low income,Medium (0.550-0.700),Q4 (Highest GDP),Q1 (Lowest Gini),22166576.743813284,86
N_export,Low income,Medium (0.550-0.700),Q4 (Highest GDP),Q2,7044456.871917399,93
N_export,Low income,Medium (0.550-0.700),Q4 (Highest GDP),Q3,10219618.085067652,46
N_export,Low income,Medium (0.550-0.700),Q4 (Highest GDP),Q4 (Highest Gini),5382981.593045208,41
N_export,Low income,High (0.700-0.800),Q1 (Lowest GDP),Q1 (Lowest Gini),10.823032292209835,1
N_export,Low income,High (0.700-0.800),Q2,Q2,3661.1442872750004,2
N_export,Low income,High (0.700-0.800),Q3,Q2,50215.68806606085,10
N_export,Low income,High (0.700-0.800),Q4 (Highest GDP),Q1 (Lowest Gini),505802.77498679125,2
N_export,Low income,High (0.700-0.800),Q4 (Highest GDP),Q2,444997.2110772849,9
N_export,Lower middle income,Low (<0.550),Q1 (Lowest GDP),Q1 (Lowest Gini),17123.150007694785,563
N_export,Lower middle income,Low (<0.550),Q1 (Lowest GDP),Q2,3690.447013667405,231
N_export,Lower middle income,Low (<0.550),Q1 (Lowest GDP),Q3,7462.182455934156,264
N_export,Lower middle income,Low (<0.550),Q1 (Lowest GDP),Q4 (Highest Gini),11377.578001558815,425
N_export,Lower middle income,Low (<0.550),Q2,Q1 (Lowest Gini),233490.46072965686,436
N_export,Lower middle income,Low (<0.550),Q2,Q2,63908.16596546159,95
N_export,Lower middle income,Low (<0.550),Q2,Q3,230965.8305634482,317
N_export,Lower middle income,Low (<0.550),Q2,Q4 (Highest Gini),246748.45799462474,311
N_export,Lower middle income,Low (<0.550),Q2,NA,217.94817431931443,1
N_export,Lower middle income,Low (<0.550),Q3,Q1 (Lowest Gini),1187597.4792890337,295
N_export,Lower middle income,Low (<0.550),Q3,Q2,1319151.0621811955,265
N_export,Lower middle income,Low (<0.550),Q3,Q3,3678463.178345093,668
N_export,Lower middle income,Low (<0.550),Q3,Q4 (Highest Gini),1301806.0697044865,283
N_export,Lower middle income,Low (<0.550),Q3,NA,28435.04346852527,8
N_export,Lower middle income,Low (<0.550),Q4 (Highest GDP),Q1 (Lowest Gini),2967823.3777793446,75
N_export,Lower middle income,Low (<0.550),Q4 (Highest GDP),Q2,2271481.0845598658,70
N_export,Lower middle income,Low (<0.550),Q4 (Highest GDP),Q3,4367232.901472342,152
N_export,Lower middle income,Low (<0.550),Q4 (Highest GDP),Q4 (Highest Gini),1319587.8010985525,36
N_export,Lower middle income,Low (<0.550),Q4 (Highest GDP),NA,134904.650300699,5
N_export,Lower middle income,Medium (0.550-0.700),Q1 (Lowest GDP),Q1 (Lowest Gini),1649.2755487458487,147
N_export,Lower middle income,Medium (0.550-0.700),Q1 (Lowest GDP),Q2,14884.555385221336,974
N_export,Lower middle income,Medium (0.550-0.700),Q1 (Lowest GDP),Q3,7712.350552293986,340
N_export,Lower middle income,Medium (0.550-0.700),Q1 (Lowest GDP),Q4 (Highest Gini),3270.323593832264,163
N_export,Lower middle income,Medium (0.550-0.700),Q2,Q1 (Lowest Gini),23947.411769898274,61
N_export,Lower middle income,Medium (0.550-0.700),Q2,Q2,241002.94643118943,1107
N_export,Lower middle income,Medium (0.550-0.700),Q2,Q3,169949.3807173485,451
N_export,Lower middle income,Medium (0.550-0.700),Q2,Q4 (Highest Gini),54262.65393217464,113
N_export,Lower middle income,Medium (0.550-0.700),Q3,Q1 (Lowest Gini),473575.54723231494,143
N_export,Lower middle income,Medium (0.550-0.700),Q3,Q2,3110199.129964727,1232
N_export,Lower middle income,Medium (0.550-0.700),Q3,Q3,2628456.544271016,979
N_export,Lower middle income,Medium (0.550-0.700),Q3,Q4 (Highest Gini),521301.48881845776,164
N_export,Lower middle income,Medium (0.550-0.700),Q4 (Highest GDP),Q1 (Lowest Gini),12449452.293527242,145
N_export,Lower middle income,Medium (0.550-0.700),Q4 (Highest GDP),Q2,20743362.98983152,610
N_export,Lower middle income,Medium (0.550-0.700),Q4 (Highest GDP),Q3,40605055.38113252,794
N_export,Lower middle income,Medium (0.550-0.700),Q4 (Highest GDP),Q4 (Highest Gini),5326792.633739506,128
N_export,Lower middle income,Medium (0.550-0.700),Q4 (Highest GDP),NA,66754.49292570833,2
N_export,Lower middle income,High (0.700-0.800),Q1 (Lowest GDP),Q1 (Lowest Gini),126.94658181328461,15
N_export,Lower middle income,High (0.700-0.800),Q1 (Lowest GDP),Q2,95.86849903496166,12
N_export,Lower middle income,High (0.700-0.800),Q1 (Lowest GDP),Q3,46.97186025885822,6
N_export,Lower middle income,High (0.700-0.800),Q1 (Lowest GDP),Q4 (Highest Gini),21.07105445861816,1
N_export,Lower middle income,High (0.700-0.800),Q2,Q1 (Lowest Gini),2680.5776459396748,9
N_export,Lower middle income,High (0.700-0.800),Q2,Q2,5421.2756825004435,19
N_export,Lower middle income,High (0.700-0.800),Q2,Q3,4407.884368601664,22
N_export,Lower middle income,High (0.700-0.800),Q2,NA,86.10859875251987,1
N_export,Lower middle income,High (0.700-0.800),Q3,Q1 (Lowest Gini),96676.19687429922,37
N_export,Lower middle income,High (0.700-0.800),Q3,Q2,125473.75581748101,53
N_export,Lower middle income,High (0.700-0.800),Q3,Q3,89549.78193732079,39
N_export,Lower middle income,High (0.700-0.800),Q3,Q4 (Highest Gini),4376.582865011693,2
N_export,Lower middle income,High (0.700-0.800),Q3,NA,4512.737464305938,3
N_export,Lower middle income,High (0.700-0.800),Q4 (Highest GDP),Q1 (Lowest Gini),4844011.697776965,47
N_export,Lower middle income,High (0.700-0.800),Q4 (Highest GDP),Q2,15857258.118200166,170
N_export,Lower middle income,High (0.700-0.800),Q4 (Highest GDP),Q3,26379285.416645266,202
N_export,Lower middle income,High (0.700-0.800),Q4 (Highest GDP),Q4 (Highest Gini),1675098.4585770913,13
N_export,Lower middle income,Very High (>0.800),Q1 (Lowest GDP),Q1 (Lowest Gini),67.95182288977675,9
N_export,Lower middle income,Very High (>0.800),Q2,Q1 (Lowest Gini),0,1
N_export,Lower middle income,Very High (>0.800),Q3,Q1 (Lowest Gini),700.6093329600994,1
N_export,Lower middle income,Very High (>0.800),Q3,NA,1332.8056893930902,1
N_export,Lower middle income,Very High (>0.800),Q4 (Highest GDP),Q1 (Lowest Gini),686874.1165191487,3
N_export,Lower middle income,Very High (>0.800),Q4 (Highest GDP),Q2,1636314.3102873685,5
N_export,Lower middle income,Very High (>0.800),Q4 (Highest GDP),Q3,3138026.8828430534,5
N_export,Upper middle income,Low (<0.550),Q1 (Lowest GDP),Q1 (Lowest Gini),1668.6518986420663,187
N_export,Upper middle income,Low (<0.550),Q1 (Lowest GDP),Q2,750.3635660017499,59
N_export,Upper middle income,Low (<0.550),Q1 (Lowest GDP),Q3,4113.2667798995935,146
N_export,Upper middle income,Low (<0.550),Q1 (Lowest GDP),Q4 (Highest Gini),1403.0655750587412,79
N_export,Upper middle income,Low (<0.550),Q2,Q1 (Lowest Gini),6465.321922720972,45
N_export,Upper middle income,Low (<0.550),Q2,Q2,7397.964251194787,23
N_export,Upper middle income,Low (<0.550),Q2,Q3,30754.204874543186,62
N_export,Upper middle income,Low (<0.550),Q2,Q4 (Highest Gini),43360.45468264586,76
N_export,Upper middle income,Low (<0.550),Q3,Q1 (Lowest Gini),31516.79522701607,19
N_export,Upper middle income,Low (<0.550),Q3,Q2,3760.1246377156367,4
N_export,Upper middle income,Low (<0.550),Q3,Q3,159486.68600277792,38
N_export,Upper middle income,Low (<0.550),Q3,Q4 (Highest Gini),709668.6015833938,168
N_export,Upper middle income,Low (<0.550),Q4 (Highest GDP),Q1 (Lowest Gini),5640.849811792374,1
N_export,Upper middle income,Low (<0.550),Q4 (Highest GDP),Q2,4505.277516795199,1
N_export,Upper middle income,Low (<0.550),Q4 (Highest GDP),Q3,753532.8358164328,14
N_export,Upper middle income,Low (<0.550),Q4 (Highest GDP),Q4 (Highest Gini),280176.1725816511,7
N_export,Upper middle income,Medium (0.550-0.700),Q1 (Lowest GDP),Q1 (Lowest Gini),10402.895746068687,1664
N_export,Upper middle income,Medium (0.550-0.700),Q1 (Lowest GDP),Q2,4113.72460037041,548
N_export,Upper middle income,Medium (0.550-0.700),Q1 (Lowest GDP),Q3,15967.785622409527,1022
N_export,Upper middle income,Medium (0.550-0.700),Q1 (Lowest GDP),Q4 (Highest Gini),65687.52848619214,2988
N_export,Upper middle income,Medium (0.550-0.700),Q2,Q1 (Lowest Gini),147349.4441802708,773
N_export,Upper middle income,Medium (0.550-0.700),Q2,Q2,62410.80412115995,300
N_export,Upper middle income,Medium (0.550-0.700),Q2,Q3,211838.1238892066,1061
N_export,Upper middle income,Medium (0.550-0.700),Q2,Q4 (Highest Gini),1308151.8674509753,4854
N_export,Upper middle income,Medium (0.550-0.700),Q3,Q1 (Lowest Gini),1906167.8940942222,1142
N_export,Upper middle income,Medium (0.550-0.700),Q3,Q2,687321.726633505,386
N_export,Upper middle income,Medium (0.550-0.700),Q3,Q3,1649919.870967079,1136
N_export,Upper middle income,Medium (0.550-0.700),Q3,Q4 (Highest Gini),3475928.3758809585,1901
N_export,Upper middle income,Medium (0.550-0.700),Q4 (Highest GDP),Q1 (Lowest Gini),18099059.038676128,1450
N_export,Upper middle income,Medium (0.550-0.700),Q4 (Highest GDP),Q2,10794142.887284439,701
N_export,Upper middle income,Medium (0.550-0.700),Q4 (Highest GDP),Q3,4361460.463500193,304
N_export,Upper middle income,Medium (0.550-0.700),Q4 (Highest GDP),Q4 (Highest Gini),7674575.869012267,395
N_export,Upper middle income,High (0.700-0.800),Q1 (Lowest GDP),Q1 (Lowest Gini),2196.9014678627072,306
N_export,Upper middle income,High (0.700-0.800),Q1 (Lowest GDP),Q2,2410.7619926792513,295
N_export,Upper middle income,High (0.700-0.800),Q1 (Lowest GDP),Q3,14824.954958489825,871
N_export,Upper middle income,High (0.700-0.800),Q1 (Lowest GDP),Q4 (Highest Gini),2048.599860901227,113
N_export,Upper middle income,High (0.700-0.800),Q2,Q1 (Lowest Gini),64327.79465903307,343
N_export,Upper middle income,High (0.700-0.800),Q2,Q2,24931.99944208894,201
N_export,Upper middle income,High (0.700-0.800),Q2,Q3,161130.46593504556,950
N_export,Upper middle income,High (0.700-0.800),Q2,Q4 (Highest Gini),33312.42202048209,141
N_export,Upper middle income,High (0.700-0.800),Q3,Q1 (Lowest Gini),1107475.6422955724,792
N_export,Upper middle income,High (0.700-0.800),Q3,Q2,364501.9815709382,247
N_export,Upper middle income,High (0.700-0.800),Q3,Q3,1381300.8604289445,889
N_export,Upper middle income,High (0.700-0.800),Q3,Q4 (Highest Gini),773047.2728692923,337
N_export,Upper middle income,High (0.700-0.800),Q4 (Highest GDP),Q1 (Lowest Gini),30246720.43222468,1158
N_export,Upper middle income,High (0.700-0.800),Q4 (Highest GDP),Q2,32907858.70229954,1084
N_export,Upper middle income,High (0.700-0.800),Q4 (Highest GDP),Q3,19837214.138836462,878
N_export,Upper middle income,High (0.700-0.800),Q4 (Highest GDP),Q4 (Highest Gini),23404858.440540776,527
N_export,Upper middle income,Very High (>0.800),Q1 (Lowest GDP),Q1 (Lowest Gini),30.605875888530207,17
N_export,Upper middle income,Very High (>0.800),Q1 (Lowest GDP),Q2,0.19842516351491213,2
N_export,Upper middle income,Very High (>0.800),Q1 (Lowest GDP),Q3,64.59716473415831,55
N_export,Upper middle income,Very High (>0.800),Q1 (Lowest GDP),Q4 (Highest Gini),0,1
N_export,Upper middle income,Very High (>0.800),Q2,Q1 (Lowest Gini),2747.609343590302,17
N_export,Upper middle income,Very High (>0.800),Q2,Q2,563.3862324429134,3
N_export,Upper middle income,Very High (>0.800),Q2,Q3,2410.17213690508,23
N_export,Upper middle income,Very High (>0.800),Q3,Q1 (Lowest Gini),76524.10451907017,59
N_export,Upper middle income,Very High (>0.800),Q3,Q2,8768.368070640072,5
N_export,Upper middle income,Very High (>0.800),Q3,Q3,97349.30238552493,75
N_export,Upper middle income,Very High (>0.800),Q3,Q4 (Highest Gini),5609.257025019246,2
N_export,Upper middle income,Very High (>0.800),Q4 (Highest GDP),Q1 (Lowest Gini),8317742.098739742,144
N_export,Upper middle income,Very High (>0.800),Q4 (Highest GDP),Q2,14046238.42126939,85
N_export,Upper middle income,Very High (>0.800),Q4 (Highest GDP),Q3,24063063.71527455,260
N_export,Upper middle income,Very High (>0.800),Q4 (Highest GDP),Q4 (Highest Gini),14063105.687735174,43
N_export,Upper middle income,Very High (>0.800),Q4 (Highest GDP),NA,11486.481075191938,1
N_Ret_Ratio,High income,Medium (0.550-0.700),Q1 (Lowest GDP),Q2,64.83539644672197,5
N_Ret_Ratio,High income,Medium (0.550-0.700),Q1 (Lowest GDP),NA,50.24775761780414,5
N_Ret_Ratio,High income,Medium (0.550-0.700),Q2,Q4 (Highest Gini),78.45072937663645,1
N_Ret_Ratio,High income,Medium (0.550-0.700),Q3,Q2,7437.456669480437,1
N_Ret_Ratio,High income,Medium (0.550-0.700),Q4 (Highest GDP),Q2,68242.20733140603,2
N_Ret_Ratio,High income,High (0.700-0.800),Q1 (Lowest GDP),Q1 (Lowest Gini),1490.4685007272176,859
N_Ret_Ratio,High income,High (0.700-0.800),Q1 (Lowest GDP),Q2,410.00862232306207,132
N_Ret_Ratio,High income,High (0.700-0.800),Q1 (Lowest GDP),Q3,165.2306851257614,51
N_Ret_Ratio,High income,High (0.700-0.800),Q1 (Lowest GDP),NA,48.20218511670827,2
N_Ret_Ratio,High income,High (0.700-0.800),Q2,Q1 (Lowest Gini),19467.92241057949,443
N_Ret_Ratio,High income,High (0.700-0.800),Q2,Q2,5528.133144510809,116
N_Ret_Ratio,High income,High (0.700-0.800),Q2,Q3,2083.020375704548,48
N_Ret_Ratio,High income,High (0.700-0.800),Q2,Q4 (Highest Gini),281.9019007847076,2
N_Ret_Ratio,High income,High (0.700-0.800),Q3,Q1 (Lowest Gini),109572.85075731389,201
N_Ret_Ratio,High income,High (0.700-0.800),Q3,Q2,62376.029231735396,105
N_Ret_Ratio,High income,High (0.700-0.800),Q3,Q3,11956.1366044179,30
N_Ret_Ratio,High income,High (0.700-0.800),Q4 (Highest GDP),Q1 (Lowest Gini),283096.2734060396,65
N_Ret_Ratio,High income,High (0.700-0.800),Q4 (Highest GDP),Q2,267473.0265826241,70
N_Ret_Ratio,High income,High (0.700-0.800),Q4 (Highest GDP),Q3,25619.76741504433,4
N_Ret_Ratio,High income,High (0.700-0.800),Q4 (Highest GDP),NA,13862.99605012214,2
N_Ret_Ratio,High income,Very High (>0.800),Q1 (Lowest GDP),Q1 (Lowest Gini),677.044822785277,452
N_Ret_Ratio,High income,Very High (>0.800),Q1 (Lowest GDP),Q2,454.56847273153073,132
N_Ret_Ratio,High income,Very High (>0.800),Q1 (Lowest GDP),Q3,47.405481224087836,24
N_Ret_Ratio,High income,Very High (>0.800),Q2,Q1 (Lowest Gini),16255.442578268803,321
N_Ret_Ratio,High income,Very High (>0.800),Q2,Q2,10598.730911571965,214
N_Ret_Ratio,High income,Very High (>0.800),Q2,Q3,1693.2224112502236,34
N_Ret_Ratio,High income,Very High (>0.800),Q3,Q1 (Lowest Gini),384516.6551260837,674
N_Ret_Ratio,High income,Very High (>0.800),Q3,Q2,326412.18541949877,467
N_Ret_Ratio,High income,Very High (>0.800),Q3,Q3,29553.92218904404,66
N_Ret_Ratio,High income,Very High (>0.800),Q4 (Highest GDP),Q1 (Lowest Gini),89014131.4695193,2502
N_Ret_Ratio,High income,Very High (>0.800),Q4 (Highest GDP),Q2,52626724.11986807,1714
N_Ret_Ratio,High income,Very High (>0.800),Q4 (Highest GDP),Q3,20232700.550718598,329
N_Ret_Ratio,High income,Very High (>0.800),Q4 (Highest GDP),NA,33759.927802837396,2
N_Ret_Ratio,Low income,Low (<0.550),Q1 (Lowest GDP),Q1 (Lowest Gini),22516.82388476981,386
N_Ret_Ratio,Low income,Low (<0.550),Q1 (Lowest GDP),Q2,72213.17279360018,980
N_Ret_Ratio,Low income,Low (<0.550),Q1 (Lowest GDP),Q3,55926.79159163071,735
N_Ret_Ratio,Low income,Low (<0.550),Q1 (Lowest GDP),Q4 (Highest Gini),23812.582795192742,538
N_Ret_Ratio,Low income,Low (<0.550),Q2,Q1 (Lowest Gini),340995.60056368524,188
N_Ret_Ratio,Low income,Low (<0.550),Q2,Q2,1247759.6210628864,707
N_Ret_Ratio,Low income,Low (<0.550),Q2,Q3,1313059.1967205654,718
N_Ret_Ratio,Low income,Low (<0.550),Q2,Q4 (Highest Gini),246436.65519912422,190
N_Ret_Ratio,Low income,Low (<0.550),Q3,Q1 (Lowest Gini),1518179.883183659,161
N_Ret_Ratio,Low income,Low (<0.550),Q3,Q2,6770877.802566371,651
N_Ret_Ratio,Low income,Low (<0.550),Q3,Q3,7639689.564260248,737
N_Ret_Ratio,Low income,Low (<0.550),Q3,Q4 (Highest Gini),1865038.5583325464,153
N_Ret_Ratio,Low income,Low (<0.550),Q4 (Highest GDP),Q1 (Lowest Gini),3581732.165479962,47
N_Ret_Ratio,Low income,Low (<0.550),Q4 (Highest GDP),Q2,7324637.793904511,121
N_Ret_Ratio,Low income,Low (<0.550),Q4 (Highest GDP),Q3,10964280.594250496,172
N_Ret_Ratio,Low income,Low (<0.550),Q4 (Highest GDP),Q4 (Highest Gini),2027051.0128908528,53
N_Ret_Ratio,Low income,Medium (0.550-0.700),Q1 (Lowest GDP),Q1 (Lowest Gini),1679.10297151665,96
N_Ret_Ratio,Low income,Medium (0.550-0.700),Q1 (Lowest GDP),Q2,965.5920928381352,61
N_Ret_Ratio,Low income,Medium (0.550-0.700),Q1 (Lowest GDP),Q3,981.4213046864103,46
N_Ret_Ratio,Low income,Medium (0.550-0.700),Q1 (Lowest GDP),Q4 (Highest Gini),1127.841068460413,11
N_Ret_Ratio,Low income,Medium (0.550-0.700),Q2,Q1 (Lowest Gini),22231.069685237635,30
N_Ret_Ratio,Low income,Medium (0.550-0.700),Q2,Q2,22766.667394436223,27
N_Ret_Ratio,Low income,Medium (0.550-0.700),Q2,Q3,26631.76864748521,23
N_Ret_Ratio,Low income,Medium (0.550-0.700),Q2,Q4 (Highest Gini),121098.31236837285,57
N_Ret_Ratio,Low income,Medium (0.550-0.700),Q3,Q1 (Lowest Gini),277142.97528309195,39
N_Ret_Ratio,Low income,Medium (0.550-0.700),Q3,Q2,415896.2028370666,78
N_Ret_Ratio,Low income,Medium (0.550-0.700),Q3,Q3,313982.35677562957,45
N_Ret_Ratio,Low income,Medium (0.550-0.700),Q3,Q4 (Highest Gini),341294.27035974205,54
N_Ret_Ratio,Low income,Medium (0.550-0.700),Q4 (Highest GDP),Q1 (Lowest Gini),23578700.909703504,111
N_Ret_Ratio,Low income,Medium (0.550-0.700),Q4 (Highest GDP),Q2,8336322.331973812,94
N_Ret_Ratio,Low income,Medium (0.550-0.700),Q4 (Highest GDP),Q3,7115123.995577176,34
N_Ret_Ratio,Low income,Medium (0.550-0.700),Q4 (Highest GDP),Q4 (Highest Gini),4705098.380321387,46
N_Ret_Ratio,Low income,High (0.700-0.800),Q1 (Lowest GDP),Q1 (Lowest Gini),67.7422759123839,3
N_Ret_Ratio,Low income,High (0.700-0.800),Q2,Q2,6027.138165495491,3
N_Ret_Ratio,Low income,High (0.700-0.800),Q3,Q2,23773.770954720916,5
N_Ret_Ratio,Low income,High (0.700-0.800),Q4 (Highest GDP),Q1 (Lowest Gini),18246409.973452702,15
N_Ret_Ratio,Low income,High (0.700-0.800),Q4 (Highest GDP),Q2,2838199.1515897634,8
N_Ret_Ratio,Lower middle income,Low (<0.550),Q1 (Lowest GDP),Q1 (Lowest Gini),13850.520870357039,450
N_Ret_Ratio,Lower middle income,Low (<0.550),Q1 (Lowest GDP),Q2,5029.503523068507,256
N_Ret_Ratio,Lower middle income,Low (<0.550),Q1 (Lowest GDP),Q3,8882.721143438972,249
N_Ret_Ratio,Lower middle income,Low (<0.550),Q1 (Lowest GDP),Q4 (Highest Gini),12348.131751362032,387
N_Ret_Ratio,Lower middle income,Low (<0.550),Q2,Q1 (Lowest Gini),197864.95489501394,273
N_Ret_Ratio,Lower middle income,Low (<0.550),Q2,Q2,82369.89039830277,124
N_Ret_Ratio,Lower middle income,Low (<0.550),Q2,Q3,196139.31030981662,254
N_Ret_Ratio,Lower middle income,Low (<0.550),Q2,Q4 (Highest Gini),203686.8251073586,283
N_Ret_Ratio,Lower middle income,Low (<0.550),Q3,Q1 (Lowest Gini),988535.9562346941,194
N_Ret_Ratio,Lower middle income,Low (<0.550),Q3,Q2,1375746.5884027327,255
N_Ret_Ratio,Lower middle income,Low (<0.550),Q3,Q3,3365956.498507918,563
N_Ret_Ratio,Lower middle income,Low (<0.550),Q3,Q4 (Highest Gini),1313368.3544366113,258
N_Ret_Ratio,Lower middle income,Low (<0.550),Q3,NA,42597.936875646235,9
N_Ret_Ratio,Lower middle income,Low (<0.550),Q4 (Highest GDP),Q1 (Lowest Gini),5895358.496893162,79
N_Ret_Ratio,Lower middle income,Low (<0.550),Q4 (Highest GDP),Q2,8569319.22543899,146
N_Ret_Ratio,Lower middle income,Low (<0.550),Q4 (Highest GDP),Q3,8228193.501381613,184
N_Ret_Ratio,Lower middle income,Low (<0.550),Q4 (Highest GDP),Q4 (Highest Gini),2460596.1394860544,40
N_Ret_Ratio,Lower middle income,Low (<0.550),Q4 (Highest GDP),NA,133308.29321764444,7
N_Ret_Ratio,Lower middle income,Medium (0.550-0.700),Q1 (Lowest GDP),Q1 (Lowest Gini),2067.797706243512,173
N_Ret_Ratio,Lower middle income,Medium (0.550-0.700),Q1 (Lowest GDP),Q2,10987.224760795436,813
N_Ret_Ratio,Lower middle income,Medium (0.550-0.700),Q1 (Lowest GDP),Q3,7097.3283301124,403
N_Ret_Ratio,Lower middle income,Medium (0.550-0.700),Q1 (Lowest GDP),Q4 (Highest Gini),4849.532063984875,306
N_Ret_Ratio,Lower middle income,Medium (0.550-0.700),Q2,Q1 (Lowest Gini),37016.20106387702,100
N_Ret_Ratio,Lower middle income,Medium (0.550-0.700),Q2,Q2,180409.97074151298,659
N_Ret_Ratio,Lower middle income,Medium (0.550-0.700),Q2,Q3,166150.7588187342,421
N_Ret_Ratio,Lower middle income,Medium (0.550-0.700),Q2,Q4 (Highest Gini),46856.2287810768,116
N_Ret_Ratio,Lower middle income,Medium (0.550-0.700),Q2,NA,588.5641167377034,1
N_Ret_Ratio,Lower middle income,Medium (0.550-0.700),Q3,Q1 (Lowest Gini),501146.9119551339,162
N_Ret_Ratio,Lower middle income,Medium (0.550-0.700),Q3,Q2,2451888.699224196,898
N_Ret_Ratio,Lower middle income,Medium (0.550-0.700),Q3,Q3,2508570.0387195013,842
N_Ret_Ratio,Lower middle income,Medium (0.550-0.700),Q3,Q4 (Highest Gini),756386.4815748621,174
N_Ret_Ratio,Lower middle income,Medium (0.550-0.700),Q3,NA,13851.460152671032,3
N_Ret_Ratio,Lower middle income,Medium (0.550-0.700),Q4 (Highest GDP),Q1 (Lowest Gini),19253304.613814298,178
N_Ret_Ratio,Lower middle income,Medium (0.550-0.700),Q4 (Highest GDP),Q2,63983043.58491761,730
N_Ret_Ratio,Lower middle income,Medium (0.550-0.700),Q4 (Highest GDP),Q3,140528120.9519966,1318
N_Ret_Ratio,Lower middle income,Medium (0.550-0.700),Q4 (Highest GDP),Q4 (Highest Gini),2691824.8757537655,100
N_Ret_Ratio,Lower middle income,Medium (0.550-0.700),Q4 (Highest GDP),NA,199896.83916449678,5
N_Ret_Ratio,Lower middle income,High (0.700-0.800),Q1 (Lowest GDP),Q1 (Lowest Gini),152.83079182711467,16
N_Ret_Ratio,Lower middle income,High (0.700-0.800),Q1 (Lowest GDP),Q2,89.69210818959218,14
N_Ret_Ratio,Lower middle income,High (0.700-0.800),Q1 (Lowest GDP),Q3,74.77533474940837,17
N_Ret_Ratio,Lower middle income,High (0.700-0.800),Q1 (Lowest GDP),Q4 (Highest Gini),33.743366241455085,7
N_Ret_Ratio,Lower middle income,High (0.700-0.800),Q1 (Lowest GDP),NA,10.062310324607283,1
N_Ret_Ratio,Lower middle income,High (0.700-0.800),Q2,Q1 (Lowest Gini),11430.799478812212,21
N_Ret_Ratio,Lower middle income,High (0.700-0.800),Q2,Q2,6494.266680221505,17
N_Ret_Ratio,Lower middle income,High (0.700-0.800),Q2,Q3,5551.163842596933,18
N_Ret_Ratio,Lower middle income,High (0.700-0.800),Q3,Q1 (Lowest Gini),202472.06938284152,76
N_Ret_Ratio,Lower middle income,High (0.700-0.800),Q3,Q2,106522.51404632705,44
N_Ret_Ratio,Lower middle income,High (0.700-0.800),Q3,Q3,109916.4156943618,38
N_Ret_Ratio,Lower middle income,High (0.700-0.800),Q3,Q4 (Highest Gini),9192.817420029463,3
N_Ret_Ratio,Lower middle income,High (0.700-0.800),Q3,NA,16992.493371664346,5
N_Ret_Ratio,Lower middle income,High (0.700-0.800),Q4 (Highest GDP),Q1 (Lowest Gini),20875918.39606457,171
N_Ret_Ratio,Lower middle income,High (0.700-0.800),Q4 (Highest GDP),Q2,50796232.81816558,327
N_Ret_Ratio,Lower middle income,High (0.700-0.800),Q4 (Highest GDP),Q3,140613639.11740682,467
N_Ret_Ratio,Lower middle income,High (0.700-0.800),Q4 (Highest GDP),Q4 (Highest Gini),4837703.534033418,16
N_Ret_Ratio,Lower middle income,High (0.700-0.800),Q4 (Highest GDP),NA,13306.30293659408,2
N_Ret_Ratio,Lower middle income,Very High (>0.800),Q1 (Lowest GDP),Q1 (Lowest Gini),20.117523655295372,9
N_Ret_Ratio,Lower middle income,Very High (>0.800),Q2,Q1 (Lowest Gini),124.569349340382,2
N_Ret_Ratio,Lower middle income,Very High (>0.800),Q2,Q2,158.7718020044267,1
N_Ret_Ratio,Lower middle income,Very High (>0.800),Q4 (Highest GDP),Q1 (Lowest Gini),2965470.7176135196,13
N_Ret_Ratio,Lower middle income,Very High (>0.800),Q4 (Highest GDP),Q2,6932890.917935826,11
N_Ret_Ratio,Lower middle income,Very High (>0.800),Q4 (Highest GDP),Q3,1570225.5593328811,6
N_Ret_Ratio,Lower middle income,Very High (>0.800),Q4 (Highest GDP),NA,49982.42800411459,1
N_Ret_Ratio,Upper middle income,Low (<0.550),Q1 (Lowest GDP),Q1 (Lowest Gini),2110.2909629377264,319
N_Ret_Ratio,Upper middle income,Low (<0.550),Q1 (Lowest GDP),Q2,865.6200723945676,67
N_Ret_Ratio,Upper middle income,Low (<0.550),Q1 (Lowest GDP),Q3,4161.355829619367,145
N_Ret_Ratio,Upper middle income,Low (<0.550),Q1 (Lowest GDP),Q4 (Highest Gini),2064.876540161893,114
N_Ret_Ratio,Upper middle income,Low (<0.550),Q2,Q1 (Lowest Gini),11149.803238715782,70
N_Ret_Ratio,Upper middle income,Low (<0.550),Q2,Q2,5509.12161239264,19
N_Ret_Ratio,Upper middle income,Low (<0.550),Q2,Q3,33669.69966899913,67
N_Ret_Ratio,Upper middle income,Low (<0.550),Q2,Q4 (Highest Gini),53925.848632411886,90
N_Ret_Ratio,Upper middle income,Low (<0.550),Q3,Q1 (Lowest Gini),42640.3795596377,31
N_Ret_Ratio,Upper middle income,Low (<0.550),Q3,Q2,14638.716730258315,11
N_Ret_Ratio,Upper middle income,Low (<0.550),Q3,Q3,168864.75030693042,48
N_Ret_Ratio,Upper middle income,Low (<0.550),Q3,Q4 (Highest Gini),656483.9086458465,164
N_Ret_Ratio,Upper middle income,Low (<0.550),Q4 (Highest GDP),Q1 (Lowest Gini),29045.930768951308,6
N_Ret_Ratio,Upper middle income,Low (<0.550),Q4 (Highest GDP),Q2,40201.47473993834,4
N_Ret_Ratio,Upper middle income,Low (<0.550),Q4 (Highest GDP),Q3,320620.36347191926,7
N_Ret_Ratio,Upper middle income,Low (<0.550),Q4 (Highest GDP),Q4 (Highest Gini),471847.8915944434,9
N_Ret_Ratio,Upper middle income,Medium (0.550-0.700),Q1 (Lowest GDP),Q1 (Lowest Gini),10921.152269709199,1684
N_Ret_Ratio,Upper middle income,Medium (0.550-0.700),Q1 (Lowest GDP),Q2,3363.354152243572,410
N_Ret_Ratio,Upper middle income,Medium (0.550-0.700),Q1 (Lowest GDP),Q3,16388.335933851373,1215
N_Ret_Ratio,Upper middle income,Medium (0.550-0.700),Q1 (Lowest GDP),Q4 (Highest Gini),41978.386192536294,2219
N_Ret_Ratio,Upper middle income,Medium (0.550-0.700),Q2,Q1 (Lowest Gini),126174.85627387367,717
N_Ret_Ratio,Upper middle income,Medium (0.550-0.700),Q2,Q2,52551.042147679516,250
N_Ret_Ratio,Upper middle income,Medium (0.550-0.700),Q2,Q3,207677.57408805855,973
N_Ret_Ratio,Upper middle income,Medium (0.550-0.700),Q2,Q4 (Highest Gini),812643.0617205588,2878
N_Ret_Ratio,Upper middle income,Medium (0.550-0.700),Q3,Q1 (Lowest Gini),1765018.3907737995,1069
N_Ret_Ratio,Upper middle income,Medium (0.550-0.700),Q3,Q2,838787.9531152322,376
N_Ret_Ratio,Upper middle income,Medium (0.550-0.700),Q3,Q3,1569553.844849265,986
N_Ret_Ratio,Upper middle income,Medium (0.550-0.700),Q3,Q4 (Highest Gini),2604881.138881333,1320
N_Ret_Ratio,Upper middle income,Medium (0.550-0.700),Q4 (Highest GDP),Q1 (Lowest Gini),22355580.61830794,1393
N_Ret_Ratio,Upper middle income,Medium (0.550-0.700),Q4 (Highest GDP),Q2,19105854.80448222,799
N_Ret_Ratio,Upper middle income,Medium (0.550-0.700),Q4 (Highest GDP),Q3,5329383.9263810385,337
N_Ret_Ratio,Upper middle income,Medium (0.550-0.700),Q4 (Highest GDP),Q4 (Highest Gini),6874522.989684781,310
N_Ret_Ratio,Upper middle income,High (0.700-0.800),Q1 (Lowest GDP),Q1 (Lowest Gini),1449.3451829177495,261
N_Ret_Ratio,Upper middle income,High (0.700-0.800),Q1 (Lowest GDP),Q2,1670.5470236653953,252
N_Ret_Ratio,Upper middle income,High (0.700-0.800),Q1 (Lowest GDP),Q3,9420.053065296892,891
N_Ret_Ratio,Upper middle income,High (0.700-0.800),Q1 (Lowest GDP),Q4 (Highest Gini),1040.1135456972597,73
N_Ret_Ratio,Upper middle income,High (0.700-0.800),Q2,Q1 (Lowest Gini),54530.21721928088,301
N_Ret_Ratio,Upper middle income,High (0.700-0.800),Q2,Q2,18593.69290806433,131
N_Ret_Ratio,Upper middle income,High (0.700-0.800),Q2,Q3,124826.08627327697,748
N_Ret_Ratio,Upper middle income,High (0.700-0.800),Q2,Q4 (Highest Gini),33246.436269198486,136
N_Ret_Ratio,Upper middle income,High (0.700-0.800),Q3,Q1 (Lowest Gini),889314.0801706823,672
N_Ret_Ratio,Upper middle income,High (0.700-0.800),Q3,Q2,331491.14245957404,230
N_Ret_Ratio,Upper middle income,High (0.700-0.800),Q3,Q3,1323442.3659536769,841
N_Ret_Ratio,Upper middle income,High (0.700-0.800),Q3,Q4 (Highest Gini),660687.9421087699,318
N_Ret_Ratio,Upper middle income,High (0.700-0.800),Q4 (Highest GDP),Q1 (Lowest Gini),137774251.16631344,2150
N_Ret_Ratio,Upper middle income,High (0.700-0.800),Q4 (Highest GDP),Q2,163001754.64156622,2106
N_Ret_Ratio,Upper middle income,High (0.700-0.800),Q4 (Highest GDP),Q3,34160054.40447447,960
N_Ret_Ratio,Upper middle income,High (0.700-0.800),Q4 (Highest GDP),Q4 (Highest Gini),37578183.39282377,593
N_Ret_Ratio,Upper middle income,Very High (>0.800),Q1 (Lowest GDP),Q1 (Lowest Gini),15.648864526739295,16
N_Ret_Ratio,Upper middle income,Very High (>0.800),Q1 (Lowest GDP),Q2,37.27686824191084,4
N_Ret_Ratio,Upper middle income,Very High (>0.800),Q1 (Lowest GDP),Q3,166.76131968684385,72
N_Ret_Ratio,Upper middle income,Very High (>0.800),Q1 (Lowest GDP),Q4 (Highest Gini),4.904883708582211e-4,2
N_Ret_Ratio,Upper middle income,Very High (>0.800),Q2,Q1 (Lowest Gini),2545.54127774107,12
N_Ret_Ratio,Upper middle income,Very High (>0.800),Q2,Q2,212.16972163200856,3
N_Ret_Ratio,Upper middle income,Very High (>0.800),Q2,Q3,3296.3899139024707,29
N_Ret_Ratio,Upper middle income,Very High (>0.800),Q2,Q4 (Highest Gini),588.6933146448982,4
N_Ret_Ratio,Upper middle income,Very High (>0.800),Q3,Q1 (Lowest Gini),66869.73218590466,62
N_Ret_Ratio,Upper middle income,Very High (>0.800),Q3,Q2,17818.25550812402,12
N_Ret_Ratio,Upper middle income,Very High (>0.800),Q3,Q3,93605.99346286358,71
N_Ret_Ratio,Upper middle income,Very High (>0.800),Q3,Q4 (Highest Gini),4719.693136386343,4
N_Ret_Ratio,Upper middle income,Very High (>0.800),Q4 (Highest GDP),Q1 (Lowest Gini),109853659.67324698,531
N_Ret_Ratio,Upper middle income,Very High (>0.800),Q4 (Highest GDP),Q2,87071843.06991237,357
N_Ret_Ratio,Upper middle income,Very High (>0.800),Q4 (Highest GDP),Q3,48820822.98321656,333
N_Ret_Ratio,Upper middle income,Very High (>0.800),Q4 (Highest GDP),Q4 (Highest Gini),27289781.812007964,82
N_Ret_Ratio,Upper middle income,Very High (>0.800),Q4 (Highest GDP),NA,11486.481075191938,1
Nature_Access,High income,Medium (0.550-0.700),Q1 (Lowest GDP),Q2,0.15177086574112766,3
Nature_Access,High income,Medium (0.550-0.700),Q1 (Lowest GDP),NA,0,1
Nature_Access,High income,Medium (0.550-0.700),Q2,NA,206.80604996426257,1
Nature_Access,High income,Medium (0.550-0.700),Q3,Q2,7800.533468664962,1
Nature_Access,High income,Medium (0.550-0.700),Q4 (Highest GDP),Q2,83089.42633415782,2
Nature_Access,High income,High (0.700-0.800),Q1 (Lowest GDP),Q1 (Lowest Gini),1106.180007574016,259
Nature_Access,High income,High (0.700-0.800),Q1 (Lowest GDP),Q2,286.7137757442915,40
Nature_Access,High income,High (0.700-0.800),Q1 (Lowest GDP),Q3,24.341851661078813,11
Nature_Access,High income,High (0.700-0.800),Q1 (Lowest GDP),NA,0,1
Nature_Access,High income,High (0.700-0.800),Q2,Q1 (Lowest Gini),20993.52516590666,588
Nature_Access,High income,High (0.700-0.800),Q2,Q2,5026.268859704133,120
Nature_Access,High income,High (0.700-0.800),Q2,Q3,1323.6967912117468,22
Nature_Access,High income,High (0.700-0.800),Q2,Q4 (Highest Gini),208.8582503028577,1
Nature_Access,High income,High (0.700-0.800),Q3,Q1 (Lowest Gini),67463.15455425279,137
Nature_Access,High income,High (0.700-0.800),Q3,Q2,26027.8650708091,55
Nature_Access,High income,High (0.700-0.800),Q3,Q3,6472.128105570091,10
Nature_Access,High income,High (0.700-0.800),Q3,NA,1758.424280280542,1
Nature_Access,High income,High (0.700-0.800),Q4 (Highest GDP),Q1 (Lowest Gini),136927.14999953116,38
Nature_Access,High income,High (0.700-0.800),Q4 (Highest GDP),Q2,860160.9629844768,48
Nature_Access,High income,High (0.700-0.800),Q4 (Highest GDP),Q3,3145.067082872791,3
Nature_Access,High income,Very High (>0.800),Q1 (Lowest GDP),Q1 (Lowest Gini),388.99088795831466,126
Nature_Access,High income,Very High (>0.800),Q1 (Lowest GDP),Q2,457.3598997868382,71
Nature_Access,High income,Very High (>0.800),Q1 (Lowest GDP),Q3,6.216720323350471,5
Nature_Access,High income,Very High (>0.800),Q2,Q1 (Lowest Gini),9026.089425214495,167
Nature_Access,High income,Very High (>0.800),Q2,Q2,10342.049559223986,205
Nature_Access,High income,Very High (>0.800),Q2,Q3,902.6595219028468,19
Nature_Access,High income,Very High (>0.800),Q3,Q1 (Lowest Gini),234665.8248638485,431
Nature_Access,High income,Very High (>0.800),Q3,Q2,133022.0427717952,267
Nature_Access,High income,Very High (>0.800),Q3,Q3,10210.635097907367,27
Nature_Access,High income,Very High (>0.800),Q4 (Highest GDP),Q1 (Lowest Gini),81048695.23748994,1559
Nature_Access,High income,Very High (>0.800),Q4 (Highest GDP),Q2,85624495.126472,1387
Nature_Access,High income,Very High (>0.800),Q4 (Highest GDP),Q3,28761059.076582015,335
Nature_Access,High income,Very High (>0.800),Q4 (Highest GDP),NA,113268.7881888116,2
Nature_Access,Low income,Low (<0.550),Q1 (Lowest GDP),Q1 (Lowest Gini),35029.41479855902,250
Nature_Access,Low income,Low (<0.550),Q1 (Lowest GDP),Q2,98915.81614020132,705
Nature_Access,Low income,Low (<0.550),Q1 (Lowest GDP),Q3,35641.74492174583,299
Nature_Access,Low income,Low (<0.550),Q1 (Lowest GDP),Q4 (Highest Gini),8445.65154107463,96
Nature_Access,Low income,Low (<0.550),Q2,Q1 (Lowest Gini),956598.4705199797,406
Nature_Access,Low income,Low (<0.550),Q2,Q2,2366636.5286368714,1131
Nature_Access,Low income,Low (<0.550),Q2,Q3,2245350.878293341,1020
Nature_Access,Low income,Low (<0.550),Q2,Q4 (Highest Gini),500932.355041051,176
Nature_Access,Low income,Low (<0.550),Q3,Q1 (Lowest Gini),3568567.5055564474,388
Nature_Access,Low income,Low (<0.550),Q3,Q2,15077872.83388599,1525
Nature_Access,Low income,Low (<0.550),Q3,Q3,16260541.063267443,1647
Nature_Access,Low income,Low (<0.550),Q3,Q4 (Highest Gini),2719400.206256402,235
Nature_Access,Low income,Low (<0.550),Q4 (Highest GDP),Q1 (Lowest Gini),12482653.419589464,107
Nature_Access,Low income,Low (<0.550),Q4 (Highest GDP),Q2,21480407.190695602,330
Nature_Access,Low income,Low (<0.550),Q4 (Highest GDP),Q3,19241445.726961233,277
Nature_Access,Low income,Low (<0.550),Q4 (Highest GDP),Q4 (Highest Gini),4185471.682164104,94
Nature_Access,Low income,Medium (0.550-0.700),Q1 (Lowest GDP),Q1 (Lowest Gini),1362.501944319115,67
Nature_Access,Low income,Medium (0.550-0.700),Q1 (Lowest GDP),Q2,1946.0871181907262,25
Nature_Access,Low income,Medium (0.550-0.700),Q1 (Lowest GDP),Q3,0,1
Nature_Access,Low income,Medium (0.550-0.700),Q1 (Lowest GDP),Q4 (Highest Gini),177.76732503495018,2
Nature_Access,Low income,Medium (0.550-0.700),Q2,Q1 (Lowest Gini),43599.64047037872,47
Nature_Access,Low income,Medium (0.550-0.700),Q2,Q2,60313.131289941775,51
Nature_Access,Low income,Medium (0.550-0.700),Q2,Q3,48049.7525114507,22
Nature_Access,Low income,Medium (0.550-0.700),Q2,Q4 (Highest Gini),133218.80052320764,45
Nature_Access,Low income,Medium (0.550-0.700),Q3,Q1 (Lowest Gini),470198.2848487755,84
Nature_Access,Low income,Medium (0.550-0.700),Q3,Q2,942756.3552813706,143
Nature_Access,Low income,Medium (0.550-0.700),Q3,Q3,642599.5063704383,68
Nature_Access,Low income,Medium (0.550-0.700),Q3,Q4 (Highest Gini),799373.8859744044,118
Nature_Access,Low income,Medium (0.550-0.700),Q4 (Highest GDP),Q1 (Lowest Gini),41830081.3359657,245
Nature_Access,Low income,Medium (0.550-0.700),Q4 (Highest GDP),Q2,17848844.714583695,231
Nature_Access,Low income,Medium (0.550-0.700),Q4 (Highest GDP),Q3,21768006.3310084,93
Nature_Access,Low income,Medium (0.550-0.700),Q4 (Highest GDP),Q4 (Highest Gini),9065119.74363859,66
Nature_Access,Low income,High (0.700-0.800),Q2,Q2,1857.3723846640403,1
Nature_Access,Low income,High (0.700-0.800),Q3,Q1 (Lowest Gini),5858.748798822057,2
Nature_Access,Low income,High (0.700-0.800),Q3,Q2,58234.96814946086,6
Nature_Access,Low income,High (0.700-0.800),Q3,Q3,1029.8534884640621,1
Nature_Access,Low income,High (0.700-0.800),Q4 (Highest GDP),Q1 (Lowest Gini),8298560.226683863,15
Nature_Access,Low income,High (0.700-0.800),Q4 (Highest GDP),Q2,2683761.131513747,15
Nature_Access,Low income,High (0.700-0.800),Q4 (Highest GDP),Q3,855280.6006102863,4
Nature_Access,Low income,High (0.700-0.800),Q4 (Highest GDP),Q4 (Highest Gini),203611.17317692554,1
Nature_Access,Low income,Very High (>0.800),Q3,Q2,1875.608234035704,1
Nature_Access,Lower middle income,Low (<0.550),Q1 (Lowest GDP),Q1 (Lowest Gini),4341.13250241593,156
Nature_Access,Lower middle income,Low (<0.550),Q1 (Lowest GDP),Q2,2403.485926303789,80
Nature_Access,Lower middle income,Low (<0.550),Q1 (Lowest GDP),Q3,9705.792059107505,189
Nature_Access,Lower middle income,Low (<0.550),Q1 (Lowest GDP),Q4 (Highest Gini),21232.870510261095,398
Nature_Access,Lower middle income,Low (<0.550),Q2,Q1 (Lowest Gini),80780.80124248534,110
Nature_Access,Lower middle income,Low (<0.550),Q2,Q2,75854.01547934803,115
Nature_Access,Lower middle income,Low (<0.550),Q2,Q3,415243.79659872304,460
Nature_Access,Lower middle income,Low (<0.550),Q2,Q4 (Highest Gini),538695.4515777836,650
Nature_Access,Lower middle income,Low (<0.550),Q3,Q1 (Lowest Gini),1039077.2540058895,189
Nature_Access,Lower middle income,Low (<0.550),Q3,Q2,2629301.9442341453,522
Nature_Access,Lower middle income,Low (<0.550),Q3,Q3,8105940.930404716,1399
Nature_Access,Lower middle income,Low (<0.550),Q3,Q4 (Highest Gini),3989865.2142124525,814
Nature_Access,Lower middle income,Low (<0.550),Q3,NA,4636.991926726328,1
Nature_Access,Lower middle income,Low (<0.550),Q4 (Highest GDP),Q1 (Lowest Gini),5137165.638258284,97
Nature_Access,Lower middle income,Low (<0.550),Q4 (Highest GDP),Q2,15227942.603531018,337
Nature_Access,Lower middle income,Low (<0.550),Q4 (Highest GDP),Q3,16962952.32120562,469
Nature_Access,Lower middle income,Low (<0.550),Q4 (Highest GDP),Q4 (Highest Gini),8141221.435235738,189
Nature_Access,Lower middle income,Low (<0.550),Q4 (Highest GDP),NA,249771.4169601322,10
Nature_Access,Lower middle income,Medium (0.550-0.700),Q1 (Lowest GDP),Q1 (Lowest Gini),1962.4527484851167,105
Nature_Access,Lower middle income,Medium (0.550-0.700),Q1 (Lowest GDP),Q2,7652.9784795896485,396
Nature_Access,Lower middle income,Medium (0.550-0.700),Q1 (Lowest GDP),Q3,3781.6710674903334,190
Nature_Access,Lower middle income,Medium (0.550-0.700),Q1 (Lowest GDP),Q4 (Highest Gini),2822.1494247507403,152
Nature_Access,Lower middle income,Medium (0.550-0.700),Q1 (Lowest GDP),NA,78.26328644383132,1
Nature_Access,Lower middle income,Medium (0.550-0.700),Q2,Q1 (Lowest Gini),43694.0481277171,107
Nature_Access,Lower middle income,Medium (0.550-0.700),Q2,Q2,226843.95693406338,847
Nature_Access,Lower middle income,Medium (0.550-0.700),Q2,Q3,168240.59997100141,419
Nature_Access,Lower middle income,Medium (0.550-0.700),Q2,Q4 (Highest Gini),53719.35129369278,146
Nature_Access,Lower middle income,Medium (0.550-0.700),Q2,NA,1275.9885341959503,4
Nature_Access,Lower middle income,Medium (0.550-0.700),Q3,Q1 (Lowest Gini),1093823.0073185668,328
Nature_Access,Lower middle income,Medium (0.550-0.700),Q3,Q2,3919369.8458841336,1408
Nature_Access,Lower middle income,Medium (0.550-0.700),Q3,Q3,3370511.581445481,1144
Nature_Access,Lower middle income,Medium (0.550-0.700),Q3,Q4 (Highest Gini),658897.4483124559,173
Nature_Access,Lower middle income,Medium (0.550-0.700),Q3,NA,12030.749525864861,3
Nature_Access,Lower middle income,Medium (0.550-0.700),Q4 (Highest GDP),Q1 (Lowest Gini),23211323.36827374,305
Nature_Access,Lower middle income,Medium (0.550-0.700),Q4 (Highest GDP),Q2,58929430.84410864,969
Nature_Access,Lower middle income,Medium (0.550-0.700),Q4 (Highest GDP),Q3,136504688.86905247,1878
Nature_Access,Lower middle income,Medium (0.550-0.700),Q4 (Highest GDP),Q4 (Highest Gini),14275505.471707987,187
Nature_Access,Lower middle income,Medium (0.550-0.700),Q4 (Highest GDP),NA,255023.33228667203,6
Nature_Access,Lower middle income,High (0.700-0.800),Q1 (Lowest GDP),Q1 (Lowest Gini),85.9784518874497,11
Nature_Access,Lower middle income,High (0.700-0.800),Q1 (Lowest GDP),Q2,184.11001244185215,15
Nature_Access,Lower middle income,High (0.700-0.800),Q1 (Lowest GDP),Q3,106.86936082710159,7
Nature_Access,Lower middle income,High (0.700-0.800),Q1 (Lowest GDP),Q4 (Highest Gini),53.52464848211706,1
Nature_Access,Lower middle income,High (0.700-0.800),Q2,Q1 (Lowest Gini),9744.92805068599,18
Nature_Access,Lower middle income,High (0.700-0.800),Q2,Q2,6386.347413308782,20
Nature_Access,Lower middle income,High (0.700-0.800),Q2,Q3,3908.643760067038,15
Nature_Access,Lower middle income,High (0.700-0.800),Q2,Q4 (Highest Gini),109.92385933123718,1
Nature_Access,Lower middle income,High (0.700-0.800),Q2,NA,1710.1830926097682,5
Nature_Access,Lower middle income,High (0.700-0.800),Q3,Q1 (Lowest Gini),198409.14062477826,69
Nature_Access,Lower middle income,High (0.700-0.800),Q3,Q2,174302.28041083048,60
Nature_Access,Lower middle income,High (0.700-0.800),Q3,Q3,114018.03930848752,48
Nature_Access,Lower middle income,High (0.700-0.800),Q3,Q4 (Highest Gini),3725.4286599519437,3
Nature_Access,Lower middle income,High (0.700-0.800),Q3,NA,19381.45418853322,6
Nature_Access,Lower middle income,High (0.700-0.800),Q4 (Highest GDP),Q1 (Lowest Gini),17951420.25568447,164
Nature_Access,Lower middle income,High (0.700-0.800),Q4 (Highest GDP),Q2,55523098.97218597,334
Nature_Access,Lower middle income,High (0.700-0.800),Q4 (Highest GDP),Q3,119843150.55899844,424
Nature_Access,Lower middle income,High (0.700-0.800),Q4 (Highest GDP),Q4 (Highest Gini),7850073.835362067,26
Nature_Access,Lower middle income,High (0.700-0.800),Q4 (Highest GDP),NA,73455.55576194587,3
Nature_Access,Lower middle income,Very High (>0.800),Q3,NA,2502.50154582667,1
Nature_Access,Lower middle income,Very High (>0.800),Q4 (Highest GDP),Q1 (Lowest Gini),3914077.161321339,14
Nature_Access,Lower middle income,Very High (>0.800),Q4 (Highest GDP),Q2,9427226.89601146,20
Nature_Access,Lower middle income,Very High (>0.800),Q4 (Highest GDP),Q3,3271585.166347856,7
Nature_Access,Lower middle income,Very High (>0.800),Q4 (Highest GDP),Q4 (Highest Gini),417751.8085190122,2
Nature_Access,Lower middle income,Very High (>0.800),Q4 (Highest GDP),NA,40622.39432143674,1
Nature_Access,Upper middle income,Low (<0.550),Q1 (Lowest GDP),Q1 (Lowest Gini),248.52713058988766,57
Nature_Access,Upper middle income,Low (<0.550),Q1 (Lowest GDP),Q2,107.00754247758574,5
Nature_Access,Upper middle income,Low (<0.550),Q1 (Lowest GDP),Q3,3769.8543907278327,97
Nature_Access,Upper middle income,Low (<0.550),Q1 (Lowest GDP),Q4 (Highest Gini),504.39727021681387,40
Nature_Access,Upper middle income,Low (<0.550),Q2,Q1 (Lowest Gini),1913.4456802499599,12
Nature_Access,Upper middle income,Low (<0.550),Q2,Q2,411.466546440266,2
Nature_Access,Upper middle income,Low (<0.550),Q2,Q3,27123.06610384076,61
Nature_Access,Upper middle income,Low (<0.550),Q2,Q4 (Highest Gini),13686.855166374291,41
Nature_Access,Upper middle income,Low (<0.550),Q3,Q1 (Lowest Gini),12397.488119026191,7
Nature_Access,Upper middle income,Low (<0.550),Q3,Q2,2514.1322403206595,2
Nature_Access,Upper middle income,Low (<0.550),Q3,Q3,136287.38433540304,39
Nature_Access,Upper middle income,Low (<0.550),Q3,Q4 (Highest Gini),562948.6142481893,125
Nature_Access,Upper middle income,Low (<0.550),Q4 (Highest GDP),Q1 (Lowest Gini),5549.1073661744595,1
Nature_Access,Upper middle income,Low (<0.550),Q4 (Highest GDP),Q3,662465.032067967,9
Nature_Access,Upper middle income,Low (<0.550),Q4 (Highest GDP),Q4 (Highest Gini),541148.0700321594,13
Nature_Access,Upper middle income,Medium (0.550-0.700),Q1 (Lowest GDP),Q1 (Lowest Gini),9930.217699553827,1297
Nature_Access,Upper middle income,Medium (0.550-0.700),Q1 (Lowest GDP),Q2,5082.196109569361,971
Nature_Access,Upper middle income,Medium (0.550-0.700),Q1 (Lowest GDP),Q3,11952.81484145895,718
Nature_Access,Upper middle income,Medium (0.550-0.700),Q1 (Lowest GDP),Q4 (Highest Gini),55946.67009110314,2645
Nature_Access,Upper middle income,Medium (0.550-0.700),Q2,Q1 (Lowest Gini),136380.06841892854,757
Nature_Access,Upper middle income,Medium (0.550-0.700),Q2,Q2,60059.60080408042,453
Nature_Access,Upper middle income,Medium (0.550-0.700),Q2,Q3,212564.25365377642,933
Nature_Access,Upper middle income,Medium (0.550-0.700),Q2,Q4 (Highest Gini),1012671.5548447001,4128
Nature_Access,Upper middle income,Medium (0.550-0.700),Q3,Q1 (Lowest Gini),1605850.940666061,907
Nature_Access,Upper middle income,Medium (0.550-0.700),Q3,Q2,611048.551587309,307
Nature_Access,Upper middle income,Medium (0.550-0.700),Q3,Q3,1982047.1554449075,1167
Nature_Access,Upper middle income,Medium (0.550-0.700),Q3,Q4 (Highest Gini),2656359.837741647,1558
Nature_Access,Upper middle income,Medium (0.550-0.700),Q4 (Highest GDP),Q1 (Lowest Gini),22348216.655090395,1423
Nature_Access,Upper middle income,Medium (0.550-0.700),Q4 (Highest GDP),Q2,16219186.662790036,656
Nature_Access,Upper middle income,Medium (0.550-0.700),Q4 (Highest GDP),Q3,7496816.539706955,419
Nature_Access,Upper middle income,Medium (0.550-0.700),Q4 (Highest GDP),Q4 (Highest Gini),9127914.59163668,365
Nature_Access,Upper middle income,High (0.700-0.800),Q1 (Lowest GDP),Q1 (Lowest Gini),3018.390373931192,473
Nature_Access,Upper middle income,High (0.700-0.800),Q1 (Lowest GDP),Q2,2380.234882863375,292
Nature_Access,Upper middle income,High (0.700-0.800),Q1 (Lowest GDP),Q3,8634.915641851552,460
Nature_Access,Upper middle income,High (0.700-0.800),Q1 (Lowest GDP),Q4 (Highest Gini),2054.254078309929,139
Nature_Access,Upper middle income,High (0.700-0.800),Q2,Q1 (Lowest Gini),102022.20417369783,601
Nature_Access,Upper middle income,High (0.700-0.800),Q2,Q2,36321.63084239135,330
Nature_Access,Upper middle income,High (0.700-0.800),Q2,Q3,136982.48059499133,776
Nature_Access,Upper middle income,High (0.700-0.800),Q2,Q4 (Highest Gini),26503.62386696488,164
Nature_Access,Upper middle income,High (0.700-0.800),Q3,Q1 (Lowest Gini),1490986.315073087,1112
Nature_Access,Upper middle income,High (0.700-0.800),Q3,Q2,426410.06541709206,402
Nature_Access,Upper middle income,High (0.700-0.800),Q3,Q3,1755637.3793694985,984
Nature_Access,Upper middle income,High (0.700-0.800),Q3,Q4 (Highest Gini),617600.1738592864,325
Nature_Access,Upper middle income,High (0.700-0.800),Q3,NA,2369.0193714048005,1
Nature_Access,Upper middle income,High (0.700-0.800),Q4 (Highest GDP),Q1 (Lowest Gini),101837539.86549218,1860
Nature_Access,Upper middle income,High (0.700-0.800),Q4 (Highest GDP),Q2,98815166.36078775,1688
Nature_Access,Upper middle income,High (0.700-0.800),Q4 (Highest GDP),Q3,49221872.91549291,1366
Nature_Access,Upper middle income,High (0.700-0.800),Q4 (Highest GDP),Q4 (Highest Gini),59691245.28425914,784
Nature_Access,Upper middle income,Very High (>0.800),Q1 (Lowest GDP),Q1 (Lowest Gini),58.03186582001057,20
Nature_Access,Upper middle income,Very High (>0.800),Q1 (Lowest GDP),Q2,14.839874794531953,4
Nature_Access,Upper middle income,Very High (>0.800),Q1 (Lowest GDP),Q3,31.30932706964323,12
Nature_Access,Upper middle income,Very High (>0.800),Q1 (Lowest GDP),Q4 (Highest Gini),0,1
Nature_Access,Upper middle income,Very High (>0.800),Q2,Q1 (Lowest Gini),655.6353655040023,4
Nature_Access,Upper middle income,Very High (>0.800),Q2,Q2,607.0668798380618,5
Nature_Access,Upper middle income,Very High (>0.800),Q2,Q3,1238.775515674988,6
Nature_Access,Upper middle income,Very High (>0.800),Q2,Q4 (Highest Gini),164.6527687410969,1
Nature_Access,Upper middle income,Very High (>0.800),Q3,Q1 (Lowest Gini),40334.02589353843,35
Nature_Access,Upper middle income,Very High (>0.800),Q3,Q2,14922.903119820785,9
Nature_Access,Upper middle income,Very High (>0.800),Q3,Q3,72079.53093422801,46
Nature_Access,Upper middle income,Very High (>0.800),Q3,Q4 (Highest Gini),5776.966535740237,2
Nature_Access,Upper middle income,Very High (>0.800),Q4 (Highest GDP),Q1 (Lowest Gini),156880349.88171887,560
Nature_Access,Upper middle income,Very High (>0.800),Q4 (Highest GDP),Q2,111803154.0724105,384
Nature_Access,Upper middle income,Very High (>0.800),Q4 (Highest GDP),Q3,68940688.19233501,391
Nature_Access,Upper middle income,Very High (>0.800),Q4 (Highest GDP),Q4 (Highest Gini),51437507.66610059,119
Nature_Access,Upper middle income,Very High (>0.800),Q4 (Highest GDP),NA,11486.481075191938,1
Pollination,High income,Medium (0.550-0.700),Q2,NA,189.19085581561328,1
Pollination,High income,Medium (0.550-0.700),Q3,Q2,7437.456669480437,1
Pollination,High income,Medium (0.550-0.700),Q3,NA,1360.316777370603,2
Pollination,High income,Medium (0.550-0.700),Q4 (Highest GDP),Q2,9757.484493197184,1
Pollination,High income,High (0.700-0.800),Q1 (Lowest GDP),Q1 (Lowest Gini),1247.2871147370665,322
Pollination,High income,High (0.700-0.800),Q1 (Lowest GDP),Q2,1346.3925478936571,233
Pollination,High income,High (0.700-0.800),Q1 (Lowest GDP),Q3,172.49542898488016,68
Pollination,High income,High (0.700-0.800),Q2,Q1 (Lowest Gini),21884.78417437943,360
Pollination,High income,High (0.700-0.800),Q2,Q2,14942.557684640307,269
Pollination,High income,High (0.700-0.800),Q2,Q3,4991.831833595083,82
Pollination,High income,High (0.700-0.800),Q2,NA,151.76882878068744,2
Pollination,High income,High (0.700-0.800),Q3,Q1 (Lowest Gini),121189.71171657652,250
Pollination,High income,High (0.700-0.800),Q3,Q2,167409.62210240142,337
Pollination,High income,High (0.700-0.800),Q3,Q3,70685.95337493699,166
Pollination,High income,High (0.700-0.800),Q3,Q4 (Highest Gini),413.93714703048363,1
Pollination,High income,High (0.700-0.800),Q3,NA,9720.023049232565,7
Pollination,High income,High (0.700-0.800),Q4 (Highest GDP),Q1 (Lowest Gini),155701.434388301,43
Pollination,High income,High (0.700-0.800),Q4 (Highest GDP),Q2,239547.4836071171,95
Pollination,High income,High (0.700-0.800),Q4 (Highest GDP),Q3,36602.952785528076,30
Pollination,High income,High (0.700-0.800),Q4 (Highest GDP),NA,22210.43247387299,4
Pollination,High income,Very High (>0.800),Q1 (Lowest GDP),Q1 (Lowest Gini),802.5630587282355,324
Pollination,High income,Very High (>0.800),Q1 (Lowest GDP),Q2,1119.98260957616,248
Pollination,High income,Very High (>0.800),Q1 (Lowest GDP),Q3,58.299199257038744,41
Pollination,High income,Very High (>0.800),Q2,Q1 (Lowest Gini),22256.020554710518,409
Pollination,High income,Very High (>0.800),Q2,Q2,16252.376207260293,289
Pollination,High income,Very High (>0.800),Q2,Q3,1504.1078189067835,33
Pollination,High income,Very High (>0.800),Q3,Q1 (Lowest Gini),492937.1176470904,962
Pollination,High income,Very High (>0.800),Q3,Q2,747041.9763533318,1143
Pollination,High income,Very High (>0.800),Q3,Q3,65449.83705661359,132
Pollination,High income,Very High (>0.800),Q4 (Highest GDP),Q1 (Lowest Gini),10895564.332156386,1229
Pollination,High income,Very High (>0.800),Q4 (Highest GDP),Q2,13225444.792192526,1895
Pollination,High income,Very High (>0.800),Q4 (Highest GDP),Q3,849779.4117505257,229
Pollination,High income,Very High (>0.800),Q4 (Highest GDP),NA,113268.7881888116,2
Pollination,Low income,Low (<0.550),Q1 (Lowest GDP),Q1 (Lowest Gini),43454.74924518283,474
Pollination,Low income,Low (<0.550),Q1 (Lowest GDP),Q2,118138.58878629026,956
Pollination,Low income,Low (<0.550),Q1 (Lowest GDP),Q3,179216.48209256644,1268
Pollination,Low income,Low (<0.550),Q1 (Lowest GDP),Q4 (Highest Gini),76658.38497073125,496
Pollination,Low income,Low (<0.550),Q2,Q1 (Lowest Gini),1022013.1206201288,542
Pollination,Low income,Low (<0.550),Q2,Q2,1716820.7981062178,1026
Pollination,Low income,Low (<0.550),Q2,Q3,2993238.8171682428,1400
Pollination,Low income,Low (<0.550),Q2,Q4 (Highest Gini),833648.876404859,403
Pollination,Low income,Low (<0.550),Q3,Q1 (Lowest Gini),2435113.7183275623,327
Pollination,Low income,Low (<0.550),Q3,Q2,6120120.578949115,705
Pollination,Low income,Low (<0.550),Q3,Q3,5967830.791733987,647
Pollination,Low income,Low (<0.550),Q3,Q4 (Highest Gini),1257438.7123835941,143
Pollination,Low income,Low (<0.550),Q4 (Highest GDP),Q1 (Lowest Gini),1356357.158150999,44
Pollination,Low income,Low (<0.550),Q4 (Highest GDP),Q2,6879428.067465063,148
Pollination,Low income,Low (<0.550),Q4 (Highest GDP),Q3,4833438.721447355,110
Pollination,Low income,Low (<0.550),Q4 (Highest GDP),Q4 (Highest Gini),773349.4913883951,20
Pollination,Low income,Medium (0.550-0.700),Q1 (Lowest GDP),Q1 (Lowest Gini),4193.460179596221,148
Pollination,Low income,Medium (0.550-0.700),Q1 (Lowest GDP),Q2,2822.2320416778757,72
Pollination,Low income,Medium (0.550-0.700),Q1 (Lowest GDP),Q3,2579.932022816503,49
Pollination,Low income,Medium (0.550-0.700),Q1 (Lowest GDP),Q4 (Highest Gini),1111.0977074550879,16
Pollination,Low income,Medium (0.550-0.700),Q2,Q1 (Lowest Gini),59364.09700573794,96
Pollination,Low income,Medium (0.550-0.700),Q2,Q2,113265.9989038655,114
Pollination,Low income,Medium (0.550-0.700),Q2,Q3,50307.72085292859,49
Pollination,Low income,Medium (0.550-0.700),Q2,Q4 (Highest Gini),33244.06728542924,25
Pollination,Low income,Medium (0.550-0.700),Q3,Q1 (Lowest Gini),357825.82325697487,79
Pollination,Low income,Medium (0.550-0.700),Q3,Q2,565135.5198122934,100
Pollination,Low income,Medium (0.550-0.700),Q3,Q3,330905.73956628353,44
Pollination,Low income,Medium (0.550-0.700),Q3,Q4 (Highest Gini),110253.80402107675,17
Pollination,Low income,Medium (0.550-0.700),Q4 (Highest GDP),Q1 (Lowest Gini),10132583.365255428,116
Pollination,Low income,Medium (0.550-0.700),Q4 (Highest GDP),Q2,4110647.183825916,73
Pollination,Low income,Medium (0.550-0.700),Q4 (Highest GDP),Q3,1850992.5192075903,38
Pollination,Low income,Medium (0.550-0.700),Q4 (Highest GDP),Q4 (Highest Gini),723025.1893835131,15
Pollination,Low income,High (0.700-0.800),Q1 (Lowest GDP),Q1 (Lowest Gini),60.94181499462731,2
Pollination,Low income,High (0.700-0.800),Q1 (Lowest GDP),Q2,4.681200032342091,1
Pollination,Low income,High (0.700-0.800),Q2,Q2,3661.1442872750004,2
Pollination,Low income,High (0.700-0.800),Q3,Q1 (Lowest Gini),8188.184984412044,1
Pollination,Low income,High (0.700-0.800),Q3,Q2,25766.775740132478,5
Pollination,Low income,High (0.700-0.800),Q4 (Highest GDP),Q1 (Lowest Gini),45031.740178122855,2
Pollination,Low income,High (0.700-0.800),Q4 (Highest GDP),Q2,103489.49128930822,3
Pollination,Low income,High (0.700-0.800),Q4 (Highest GDP),Q3,8777.374233441475,1
Pollination,Low income,Very High (>0.800),Q3,Q2,1875.608234035704,1
Pollination,Lower middle income,Low (<0.550),Q1 (Lowest GDP),Q1 (Lowest Gini),1940.419321116867,51
Pollination,Lower middle income,Low (<0.550),Q1 (Lowest GDP),Q2,3862.857679975336,101
Pollination,Lower middle income,Low (<0.550),Q1 (Lowest GDP),Q3,19315.84167279482,523
Pollination,Lower middle income,Low (<0.550),Q1 (Lowest GDP),Q4 (Highest Gini),27010.742317498483,676
Pollination,Lower middle income,Low (<0.550),Q2,Q1 (Lowest Gini),81687.76558943375,118
Pollination,Lower middle income,Low (<0.550),Q2,Q2,115523.96792697307,164
Pollination,Lower middle income,Low (<0.550),Q2,Q3,490148.86015729466,703
Pollination,Lower middle income,Low (<0.550),Q2,Q4 (Highest Gini),544493.2995407993,745
Pollination,Lower middle income,Low (<0.550),Q3,Q1 (Lowest Gini),833175.2696214825,229
Pollination,Lower middle income,Low (<0.550),Q3,Q2,1050217.2073024714,231
Pollination,Lower middle income,Low (<0.550),Q3,Q3,2377541.4028585125,560
Pollination,Lower middle income,Low (<0.550),Q3,Q4 (Highest Gini),2028918.1537274548,483
Pollination,Lower middle income,Low (<0.550),Q3,NA,20454.866947945502,6
Pollination,Lower middle income,Low (<0.550),Q4 (Highest GDP),Q1 (Lowest Gini),1651858.3475281901,43
Pollination,Lower middle income,Low (<0.550),Q4 (Highest GDP),Q2,1975290.3836308855,68
Pollination,Lower middle income,Low (<0.550),Q4 (Highest GDP),Q3,3482888.1519544288,129
Pollination,Lower middle income,Low (<0.550),Q4 (Highest GDP),Q4 (Highest Gini),1365808.0905095057,51
Pollination,Lower middle income,Medium (0.550-0.700),Q1 (Lowest GDP),Q1 (Lowest Gini),807.9243854436477,68
Pollination,Lower middle income,Medium (0.550-0.700),Q1 (Lowest GDP),Q2,16476.324759572923,1123
Pollination,Lower middle income,Medium (0.550-0.700),Q1 (Lowest GDP),Q3,9067.270151775838,625
Pollination,Lower middle income,Medium (0.550-0.700),Q1 (Lowest GDP),Q4 (Highest Gini),8600.133795916947,487
Pollination,Lower middle income,Medium (0.550-0.700),Q1 (Lowest GDP),NA,13.38936579430426,1
Pollination,Lower middle income,Medium (0.550-0.700),Q2,Q1 (Lowest Gini),32571.17505111634,82
Pollination,Lower middle income,Medium (0.550-0.700),Q2,Q2,298730.20095725544,1112
Pollination,Lower middle income,Medium (0.550-0.700),Q2,Q3,215010.3724094194,665
Pollination,Lower middle income,Medium (0.550-0.700),Q2,Q4 (Highest Gini),178256.88927829065,416
Pollination,Lower middle income,Medium (0.550-0.700),Q2,NA,1347.7187984707832,2
Pollination,Lower middle income,Medium (0.550-0.700),Q3,Q1 (Lowest Gini),522450.83561108785,188
Pollination,Lower middle income,Medium (0.550-0.700),Q3,Q2,2700376.645937016,1111
Pollination,Lower middle income,Medium (0.550-0.700),Q3,Q3,2248884.7758795293,901
Pollination,Lower middle income,Medium (0.550-0.700),Q3,Q4 (Highest Gini),1080117.1325382201,415
Pollination,Lower middle income,Medium (0.550-0.700),Q3,NA,3297.9309189278415,1
Pollination,Lower middle income,Medium (0.550-0.700),Q4 (Highest GDP),Q1 (Lowest Gini),3250618.1583885774,93
Pollination,Lower middle income,Medium (0.550-0.700),Q4 (Highest GDP),Q2,16053729.797220955,512
Pollination,Lower middle income,Medium (0.550-0.700),Q4 (Highest GDP),Q3,52551183.50130458,1231
Pollination,Lower middle income,Medium (0.550-0.700),Q4 (Highest GDP),Q4 (Highest Gini),3910535.3373868805,144
Pollination,Lower middle income,Medium (0.550-0.700),Q4 (Highest GDP),NA,87159.70441151936,3
Pollination,Lower middle income,High (0.700-0.800),Q1 (Lowest GDP),Q1 (Lowest Gini),88.97744851631452,4
Pollination,Lower middle income,High (0.700-0.800),Q1 (Lowest GDP),Q2,416.0897365050981,38
Pollination,Lower middle income,High (0.700-0.800),Q1 (Lowest GDP),Q3,93.08889623323928,10
Pollination,Lower middle income,High (0.700-0.800),Q1 (Lowest GDP),Q4 (Highest Gini),153.22889226130593,10
Pollination,Lower middle income,High (0.700-0.800),Q1 (Lowest GDP),NA,26.534504292179548,2
Pollination,Lower middle income,High (0.700-0.800),Q2,Q1 (Lowest Gini),7562.094879517673,19
Pollination,Lower middle income,High (0.700-0.800),Q2,Q2,9514.518683520537,36
Pollination,Lower middle income,High (0.700-0.800),Q2,Q3,4786.148990014054,22
Pollination,Lower middle income,High (0.700-0.800),Q2,Q4 (Highest Gini),573.92767745847,3
Pollination,Lower middle income,High (0.700-0.800),Q2,NA,1508.624734382495,4
Pollination,Lower middle income,High (0.700-0.800),Q3,Q1 (Lowest Gini),121575.40165271796,52
Pollination,Lower middle income,High (0.700-0.800),Q3,Q2,159488.13325953818,63
Pollination,Lower middle income,High (0.700-0.800),Q3,Q3,54868.29141235021,30
Pollination,Lower middle income,High (0.700-0.800),Q3,Q4 (Highest Gini),16978.706134103162,7
Pollination,Lower middle income,High (0.700-0.800),Q3,NA,22529.03000812767,9
Pollination,Lower middle income,High (0.700-0.800),Q4 (Highest GDP),Q1 (Lowest Gini),1084281.7757263691,40
Pollination,Lower middle income,High (0.700-0.800),Q4 (Highest GDP),Q2,9514655.880978676,168
Pollination,Lower middle income,High (0.700-0.800),Q4 (Highest GDP),Q3,10727331.435572939,121
Pollination,Lower middle income,High (0.700-0.800),Q4 (Highest GDP),Q4 (Highest Gini),445211.1001426351,10
Pollination,Lower middle income,High (0.700-0.800),Q4 (Highest GDP),NA,41206.00364400824,3
Pollination,Lower middle income,Very High (>0.800),Q1 (Lowest GDP),Q2,57.228295290520805,3
Pollination,Lower middle income,Very High (>0.800),Q2,Q3,165.12498928606504,1
Pollination,Lower middle income,Very High (>0.800),Q2,Q4 (Highest Gini),73.31225139023533,1
Pollination,Lower middle income,Very High (>0.800),Q3,Q2,2605.859471767563,1
Pollination,Lower middle income,Very High (>0.800),Q4 (Highest GDP),Q1 (Lowest Gini),305334.7431034837,4
Pollination,Lower middle income,Very High (>0.800),Q4 (Highest GDP),Q2,358356.35957157146,3
Pollination,Lower middle income,Very High (>0.800),Q4 (Highest GDP),Q3,200420.98792715743,3
Pollination,Upper middle income,Low (<0.550),Q1 (Lowest GDP),Q1 (Lowest Gini),251.43784967813826,46
Pollination,Upper middle income,Low (<0.550),Q1 (Lowest GDP),Q2,153.77917700739732,4
Pollination,Upper middle income,Low (<0.550),Q1 (Lowest GDP),Q3,9475.643336239254,310
Pollination,Upper middle income,Low (<0.550),Q1 (Lowest GDP),Q4 (Highest Gini),5533.707356717813,253
Pollination,Upper middle income,Low (<0.550),Q2,Q1 (Lowest Gini),5027.0311074789315,23
Pollination,Upper middle income,Low (<0.550),Q2,Q2,1539.83012677386,4
Pollination,Upper middle income,Low (<0.550),Q2,Q3,174933.40452567846,296
Pollination,Upper middle income,Low (<0.550),Q2,Q4 (Highest Gini),95946.771155214,170
Pollination,Upper middle income,Low (<0.550),Q3,Q1 (Lowest Gini),34253.04726383868,27
Pollination,Upper middle income,Low (<0.550),Q3,Q2,987.5823667711686,1
Pollination,Upper middle income,Low (<0.550),Q3,Q3,614342.1219558942,195
Pollination,Upper middle income,Low (<0.550),Q3,Q4 (Highest Gini),808955.2125352405,217
Pollination,Upper middle income,Low (<0.550),Q4 (Highest GDP),Q1 (Lowest Gini),5839.791602197939,1
Pollination,Upper middle income,Low (<0.550),Q4 (Highest GDP),Q3,657389.3092406538,18
Pollination,Upper middle income,Low (<0.550),Q4 (Highest GDP),Q4 (Highest Gini),499349.73302447115,15
Pollination,Upper middle income,Medium (0.550-0.700),Q1 (Lowest GDP),Q1 (Lowest Gini),12530.990050764893,1545
Pollination,Upper middle income,Medium (0.550-0.700),Q1 (Lowest GDP),Q2,7495.458920521766,1034
Pollination,Upper middle income,Medium (0.550-0.700),Q1 (Lowest GDP),Q3,11522.115555481254,884
Pollination,Upper middle income,Medium (0.550-0.700),Q1 (Lowest GDP),Q4 (Highest Gini),94160.64966659414,4332
Pollination,Upper middle income,Medium (0.550-0.700),Q2,Q1 (Lowest Gini),128946.13806128975,739
Pollination,Upper middle income,Medium (0.550-0.700),Q2,Q2,75019.63091169675,501
Pollination,Upper middle income,Medium (0.550-0.700),Q2,Q3,218464.58339443765,1159
Pollination,Upper middle income,Medium (0.550-0.700),Q2,Q4 (Highest Gini),1413275.0105619584,5236
Pollination,Upper middle income,Medium (0.550-0.700),Q3,Q1 (Lowest Gini),1290627.9785842828,838
Pollination,Upper middle income,Medium (0.550-0.700),Q3,Q2,865160.085803506,487
Pollination,Upper middle income,Medium (0.550-0.700),Q3,Q3,1615240.1254651654,1145
Pollination,Upper middle income,Medium (0.550-0.700),Q3,Q4 (Highest Gini),3661310.8365051053,2017
Pollination,Upper middle income,Medium (0.550-0.700),Q4 (Highest GDP),Q1 (Lowest Gini),7707377.069226228,711
Pollination,Upper middle income,Medium (0.550-0.700),Q4 (Highest GDP),Q2,12606543.92972572,662
Pollination,Upper middle income,Medium (0.550-0.700),Q4 (Highest GDP),Q3,2299173.793607361,238
Pollination,Upper middle income,Medium (0.550-0.700),Q4 (Highest GDP),Q4 (Highest Gini),3699996.13990794,286
Pollination,Upper middle income,High (0.700-0.800),Q1 (Lowest GDP),Q1 (Lowest Gini),3753.2589914415635,491
Pollination,Upper middle income,High (0.700-0.800),Q1 (Lowest GDP),Q2,3121.0672237276763,337
Pollination,Upper middle income,High (0.700-0.800),Q1 (Lowest GDP),Q3,13663.042909933469,618
Pollination,Upper middle income,High (0.700-0.800),Q1 (Lowest GDP),Q4 (Highest Gini),2323.857811739142,134
Pollination,Upper middle income,High (0.700-0.800),Q2,Q1 (Lowest Gini),98760.72538653454,581
Pollination,Upper middle income,High (0.700-0.800),Q2,Q2,35312.30470092182,276
Pollination,Upper middle income,High (0.700-0.800),Q2,Q3,110938.49843923467,647
Pollination,Upper middle income,High (0.700-0.800),Q2,Q4 (Highest Gini),60932.87005232058,205
Pollination,Upper middle income,High (0.700-0.800),Q3,Q1 (Lowest Gini),998837.2631690118,847
Pollination,Upper middle income,High (0.700-0.800),Q3,Q2,489401.7296083902,358
Pollination,Upper middle income,High (0.700-0.800),Q3,Q3,953029.579885095,615
Pollination,Upper middle income,High (0.700-0.800),Q3,Q4 (Highest Gini),792329.782191093,326
Pollination,Upper middle income,High (0.700-0.800),Q4 (Highest GDP),Q1 (Lowest Gini),12547573.936023502,718
Pollination,Upper middle income,High (0.700-0.800),Q4 (Highest GDP),Q2,15163568.380810654,625
Pollination,Upper middle income,High (0.700-0.800),Q4 (Highest GDP),Q3,9084586.1015277,474
Pollination,Upper middle income,High (0.700-0.800),Q4 (Highest GDP),Q4 (Highest Gini),9523801.4008872,335
Pollination,Upper middle income,Very High (>0.800),Q1 (Lowest GDP),Q1 (Lowest Gini),28.85198754357674,13
Pollination,Upper middle income,Very High (>0.800),Q1 (Lowest GDP),Q2,0,4
Pollination,Upper middle income,Very High (>0.800),Q1 (Lowest GDP),Q3,57.43076717719124,5
Pollination,Upper middle income,Very High (>0.800),Q1 (Lowest GDP),Q4 (Highest Gini),33.571788784703756,1
Pollination,Upper middle income,Very High (>0.800),Q2,Q1 (Lowest Gini),4529.1618074248745,25
Pollination,Upper middle income,Very High (>0.800),Q2,Q2,559.8857755729991,3
Pollination,Upper middle income,Very High (>0.800),Q2,Q3,2197.8183563026487,8
Pollination,Upper middle income,Very High (>0.800),Q2,Q4 (Highest Gini),429.3403371066263,1
Pollination,Upper middle income,Very High (>0.800),Q3,Q1 (Lowest Gini),85837.88095721495,90
Pollination,Upper middle income,Very High (>0.800),Q3,Q2,5102.333436219162,5
Pollination,Upper middle income,Very High (>0.800),Q3,Q3,41880.084383537825,26
Pollination,Upper middle income,Very High (>0.800),Q3,Q4 (Highest Gini),13413.699485451212,7
Pollination,Upper middle income,Very High (>0.800),Q4 (Highest GDP),Q1 (Lowest Gini),2998838.698327176,118
Pollination,Upper middle income,Very High (>0.800),Q4 (Highest GDP),Q2,1958885.8008909128,44
Pollination,Upper middle income,Very High (>0.800),Q4 (Highest GDP),Q3,2310022.013028907,64
Pollination,Upper middle income,Very High (>0.800),Q4 (Highest GDP),Q4 (Highest Gini),1187658.5467719028,15
Pollination,Upper middle income,Very High (>0.800),Q4 (Highest GDP),NA,4979.892869005361,1
Sed_export,High income,Medium (0.550-0.700),Q1 (Lowest GDP),Q2,0,1
Sed_export,High income,Medium (0.550-0.700),Q1 (Lowest GDP),NA,93.38981512757952,4
Sed_export,High income,Medium (0.550-0.700),Q2,NA,1674.5450048165462,9
Sed_export,High income,Medium (0.550-0.700),Q3,Q4 (Highest Gini),450.0224695719849,1
Sed_export,High income,Medium (0.550-0.700),Q3,NA,5925.522845818154,6
Sed_export,High income,Medium (0.550-0.700),Q4 (Highest GDP),Q4 (Highest Gini),7100.4170013264,1
Sed_export,High income,High (0.700-0.800),Q1 (Lowest GDP),Q1 (Lowest Gini),2033.0211796008443,1196
Sed_export,High income,High (0.700-0.800),Q1 (Lowest GDP),Q2,320.71059979006924,218
Sed_export,High income,High (0.700-0.800),Q1 (Lowest GDP),Q3,113.3037581743171,68
Sed_export,High income,High (0.700-0.800),Q1 (Lowest GDP),NA,67.37122394144536,3
Sed_export,High income,High (0.700-0.800),Q2,Q1 (Lowest Gini),18340.736340924057,443
Sed_export,High income,High (0.700-0.800),Q2,Q2,8014.867752060305,115
Sed_export,High income,High (0.700-0.800),Q2,Q3,3125.810547182691,51
Sed_export,High income,High (0.700-0.800),Q2,Q4 (Highest Gini),208.8582503028577,1
Sed_export,High income,High (0.700-0.800),Q2,NA,151.76882878068744,2
Sed_export,High income,High (0.700-0.800),Q3,Q1 (Lowest Gini),88226.81821723159,171
Sed_export,High income,High (0.700-0.800),Q3,Q2,79704.21047410615,162
Sed_export,High income,High (0.700-0.800),Q3,Q3,23025.877329188243,56
Sed_export,High income,High (0.700-0.800),Q3,Q4 (Highest Gini),413.93714703048363,1
Sed_export,High income,High (0.700-0.800),Q3,NA,12522.938926924877,10
Sed_export,High income,High (0.700-0.800),Q4 (Highest GDP),Q1 (Lowest Gini),55844.625076566525,26
Sed_export,High income,High (0.700-0.800),Q4 (Highest GDP),Q2,237097.33924687456,65
Sed_export,High income,High (0.700-0.800),Q4 (Highest GDP),Q3,22076.35749553725,3
Sed_export,High income,High (0.700-0.800),Q4 (Highest GDP),NA,50784.229228006516,5
Sed_export,High income,Very High (>0.800),Q1 (Lowest GDP),Q1 (Lowest Gini),2008.5603560044385,1643
Sed_export,High income,Very High (>0.800),Q1 (Lowest GDP),Q2,619.991683046111,361
Sed_export,High income,Very High (>0.800),Q1 (Lowest GDP),Q3,167.40891195749452,86
Sed_export,High income,Very High (>0.800),Q2,Q1 (Lowest Gini),23896.66807229707,522
Sed_export,High income,Very High (>0.800),Q2,Q2,14987.476621815864,237
Sed_export,High income,Very High (>0.800),Q2,Q3,2709.1648996849854,58
Sed_export,High income,Very High (>0.800),Q3,Q1 (Lowest Gini),288865.8046182824,561
Sed_export,High income,Very High (>0.800),Q3,Q2,404112.24752421206,677
Sed_export,High income,Very High (>0.800),Q3,Q3,48045.7020057353,101
Sed_export,High income,Very High (>0.800),Q4 (Highest GDP),Q1 (Lowest Gini),10526376.344665976,927
Sed_export,High income,Very High (>0.800),Q4 (Highest GDP),Q2,15358949.832875133,1081
Sed_export,High income,Very High (>0.800),Q4 (Highest GDP),Q3,816764.9830417532,105
Sed_export,High income,Very High (>0.800),Q4 (Highest GDP),NA,138456.9165626153,3
Sed_export,Low income,Low (<0.550),Q1 (Lowest GDP),Q1 (Lowest Gini),55622.64677249137,481
Sed_export,Low income,Low (<0.550),Q1 (Lowest GDP),Q2,133058.9322119219,926
Sed_export,Low income,Low (<0.550),Q1 (Lowest GDP),Q3,52755.39721862205,423
Sed_export,Low income,Low (<0.550),Q1 (Lowest GDP),Q4 (Highest Gini),17953.18152628365,100
Sed_export,Low income,Low (<0.550),Q2,Q1 (Lowest Gini),1060017.0146707396,536
Sed_export,Low income,Low (<0.550),Q2,Q2,1872234.74814999,994
Sed_export,Low income,Low (<0.550),Q2,Q3,1540179.2072945177,725
Sed_export,Low income,Low (<0.550),Q2,Q4 (Highest Gini),393750.7876339581,145
Sed_export,Low income,Low (<0.550),Q3,Q1 (Lowest Gini),1746852.23175115,203
Sed_export,Low income,Low (<0.550),Q3,Q2,6455072.271324665,695
Sed_export,Low income,Low (<0.550),Q3,Q3,6230697.198873685,571
Sed_export,Low income,Low (<0.550),Q3,Q4 (Highest Gini),1103592.4245814257,92
Sed_export,Low income,Low (<0.550),Q4 (Highest GDP),Q1 (Lowest Gini),863402.5792447306,21
Sed_export,Low income,Low (<0.550),Q4 (Highest GDP),Q2,3094352.1770248115,67
Sed_export,Low income,Low (<0.550),Q4 (Highest GDP),Q3,5625332.140707201,105
Sed_export,Low income,Low (<0.550),Q4 (Highest GDP),Q4 (Highest Gini),1324154.2564768766,31
Sed_export,Low income,Medium (0.550-0.700),Q1 (Lowest GDP),Q1 (Lowest Gini),1416.5369623481304,38
Sed_export,Low income,Medium (0.550-0.700),Q1 (Lowest GDP),Q2,1842.740068932506,31
Sed_export,Low income,Medium (0.550-0.700),Q1 (Lowest GDP),Q3,1140.4289051381388,17
Sed_export,Low income,Medium (0.550-0.700),Q1 (Lowest GDP),Q4 (Highest Gini),76.95805101290678,4
Sed_export,Low income,Medium (0.550-0.700),Q2,Q1 (Lowest Gini),18444.694031802228,33
Sed_export,Low income,Medium (0.550-0.700),Q2,Q2,98344.22498592544,66
Sed_export,Low income,Medium (0.550-0.700),Q2,Q3,22712.121999509247,20
Sed_export,Low income,Medium (0.550-0.700),Q2,Q4 (Highest Gini),25710.495725404762,12
Sed_export,Low income,Medium (0.550-0.700),Q3,Q1 (Lowest Gini),207718.64793149888,39
Sed_export,Low income,Medium (0.550-0.700),Q3,Q2,529197.7633681198,89
Sed_export,Low income,Medium (0.550-0.700),Q3,Q3,131756.6549919232,15
Sed_export,Low income,Medium (0.550-0.700),Q3,Q4 (Highest Gini),81935.1068586531,14
Sed_export,Low income,Medium (0.550-0.700),Q4 (Highest GDP),Q1 (Lowest Gini),812420.1365588339,22
Sed_export,Low income,Medium (0.550-0.700),Q4 (Highest GDP),Q2,4195196.167405646,64
Sed_export,Low income,Medium (0.550-0.700),Q4 (Highest GDP),Q3,787271.4172181285,14
Sed_export,Low income,Medium (0.550-0.700),Q4 (Highest GDP),Q4 (Highest Gini),1797380.6600117555,18
Sed_export,Low income,High (0.700-0.800),Q1 (Lowest GDP),Q1 (Lowest Gini),167.6165647461904,1
Sed_export,Low income,High (0.700-0.800),Q2,Q2,3661.1442872750004,2
Sed_export,Low income,High (0.700-0.800),Q3,Q2,41174.89251582827,8
Sed_export,Low income,High (0.700-0.800),Q3,Q3,1029.8534884640621,1
Sed_export,Low income,High (0.700-0.800),Q4 (Highest GDP),Q2,229858.09442482606,6
Sed_export,Lower middle income,Low (<0.550),Q1 (Lowest GDP),Q1 (Lowest Gini),181.29861630731395,26
Sed_export,Lower middle income,Low (<0.550),Q1 (Lowest GDP),Q2,1612.5118103288762,70
Sed_export,Lower middle income,Low (<0.550),Q1 (Lowest GDP),Q3,10316.643478406353,294
Sed_export,Lower middle income,Low (<0.550),Q1 (Lowest GDP),Q4 (Highest Gini),12360.663180855321,296
Sed_export,Lower middle income,Low (<0.550),Q2,Q1 (Lowest Gini),14501.59644173151,23
Sed_export,Lower middle income,Low (<0.550),Q2,Q2,49028.89570752183,83
Sed_export,Lower middle income,Low (<0.550),Q2,Q3,280899.4725508984,385
Sed_export,Lower middle income,Low (<0.550),Q2,Q4 (Highest Gini),328032.83780988056,464
Sed_export,Lower middle income,Low (<0.550),Q3,Q1 (Lowest Gini),137793.30179586867,42
Sed_export,Lower middle income,Low (<0.550),Q3,Q2,667022.4442219568,168
Sed_export,Lower middle income,Low (<0.550),Q3,Q3,2469895.582219857,495
Sed_export,Lower middle income,Low (<0.550),Q3,Q4 (Highest Gini),1130958.2368860515,293
Sed_export,Lower middle income,Low (<0.550),Q3,NA,21185.79392177007,4
Sed_export,Lower middle income,Low (<0.550),Q4 (Highest GDP),Q1 (Lowest Gini),366759.0313148311,13
Sed_export,Lower middle income,Low (<0.550),Q4 (Highest GDP),Q2,595137.7501257571,21
Sed_export,Lower middle income,Low (<0.550),Q4 (Highest GDP),Q3,1484447.4615181345,69
Sed_export,Lower middle income,Low (<0.550),Q4 (Highest GDP),Q4 (Highest Gini),654874.0271350327,26
Sed_export,Lower middle income,Low (<0.550),Q4 (Highest GDP),NA,43954.63772833372,3
Sed_export,Lower middle income,Medium (0.550-0.700),Q1 (Lowest GDP),Q1 (Lowest Gini),551.7532513292758,58
Sed_export,Lower middle income,Medium (0.550-0.700),Q1 (Lowest GDP),Q2,19485.572426228784,1560
Sed_export,Lower middle income,Medium (0.550-0.700),Q1 (Lowest GDP),Q3,6340.598522439899,433
Sed_export,Lower middle income,Medium (0.550-0.700),Q1 (Lowest GDP),Q4 (Highest Gini),11397.446447445973,617
Sed_export,Lower middle income,Medium (0.550-0.700),Q2,Q1 (Lowest Gini),19264.947003345864,42
Sed_export,Lower middle income,Medium (0.550-0.700),Q2,Q2,284298.9963389192,1459
Sed_export,Lower middle income,Medium (0.550-0.700),Q2,Q3,178534.54344164344,534
Sed_export,Lower middle income,Medium (0.550-0.700),Q2,Q4 (Highest Gini),107047.08561215781,335
Sed_export,Lower middle income,Medium (0.550-0.700),Q3,Q1 (Lowest Gini),163682.10393630914,56
Sed_export,Lower middle income,Medium (0.550-0.700),Q3,Q2,2510123.7941713785,1106
Sed_export,Lower middle income,Medium (0.550-0.700),Q3,Q3,1865778.614791861,842
Sed_export,Lower middle income,Medium (0.550-0.700),Q3,Q4 (Highest Gini),759184.6618222628,289
Sed_export,Lower middle income,Medium (0.550-0.700),Q4 (Highest GDP),Q1 (Lowest Gini),713583.7001306912,20
Sed_export,Lower middle income,Medium (0.550-0.700),Q4 (Highest GDP),Q2,4453307.833317096,335
Sed_export,Lower middle income,Medium (0.550-0.700),Q4 (Highest GDP),Q3,8006592.06288252,391
Sed_export,Lower middle income,Medium (0.550-0.700),Q4 (Highest GDP),Q4 (Highest Gini),2195331.2276881128,95
Sed_export,Lower middle income,Medium (0.550-0.700),Q4 (Highest GDP),NA,66754.49292570833,2
Sed_export,Lower middle income,High (0.700-0.800),Q1 (Lowest GDP),Q1 (Lowest Gini),73.1440886197576,4
Sed_export,Lower middle income,High (0.700-0.800),Q1 (Lowest GDP),Q2,58.30681584562544,18
Sed_export,Lower middle income,High (0.700-0.800),Q1 (Lowest GDP),Q3,68.09529945285766,10
Sed_export,Lower middle income,High (0.700-0.800),Q1 (Lowest GDP),Q4 (Highest Gini),559.5206869785682,17
Sed_export,Lower middle income,High (0.700-0.800),Q1 (Lowest GDP),NA,14.022146162285573,1
Sed_export,Lower middle income,High (0.700-0.800),Q2,Q1 (Lowest Gini),3838.957707910632,12
Sed_export,Lower middle income,High (0.700-0.800),Q2,Q2,6527.2642699919215,23
Sed_export,Lower middle income,High (0.700-0.800),Q2,Q3,3647.907997344323,17
Sed_export,Lower middle income,High (0.700-0.800),Q2,Q4 (Highest Gini),5711.1335122177215,18
Sed_export,Lower middle income,High (0.700-0.800),Q2,NA,173.7615947093662,1
Sed_export,Lower middle income,High (0.700-0.800),Q3,Q1 (Lowest Gini),22359.70752435189,12
Sed_export,Lower middle income,High (0.700-0.800),Q3,Q2,95763.50546195537,44
Sed_export,Lower middle income,High (0.700-0.800),Q3,Q3,67530.66102212196,29
Sed_export,Lower middle income,High (0.700-0.800),Q3,Q4 (Highest Gini),37206.42373868601,16
Sed_export,Lower middle income,High (0.700-0.800),Q3,NA,819.4609235920691,1
Sed_export,Lower middle income,High (0.700-0.800),Q4 (Highest GDP),Q1 (Lowest Gini),653946.4421857408,9
Sed_export,Lower middle income,High (0.700-0.800),Q4 (Highest GDP),Q2,3687370.738424996,96
Sed_export,Lower middle income,High (0.700-0.800),Q4 (Highest GDP),Q3,2715633.574268827,75
Sed_export,Lower middle income,High (0.700-0.800),Q4 (Highest GDP),Q4 (Highest Gini),514853.4359067562,10
Sed_export,Lower middle income,Very High (>0.800),Q1 (Lowest GDP),Q2,14.197492719868297,1
Sed_export,Lower middle income,Very High (>0.800),Q2,Q4 (Highest Gini),73.31225139023533,1
Sed_export,Lower middle income,Very High (>0.800),Q3,Q2,2605.859471767563,1
Sed_export,Lower middle income,Very High (>0.800),Q3,NA,1332.8056893930902,1
Sed_export,Lower middle income,Very High (>0.800),Q4 (Highest GDP),Q2,2266939.2987277894,6
Sed_export,Upper middle income,Low (<0.550),Q1 (Lowest GDP),Q1 (Lowest Gini),71.81942958177412,13
Sed_export,Upper middle income,Low (<0.550),Q1 (Lowest GDP),Q2,72.07173181047267,7
Sed_export,Upper middle income,Low (<0.550),Q1 (Lowest GDP),Q3,3731.576082749003,119
Sed_export,Upper middle income,Low (<0.550),Q1 (Lowest GDP),Q4 (Highest Gini),1864.160892592967,101
Sed_export,Upper middle income,Low (<0.550),Q2,Q1 (Lowest Gini),849.182414102305,4
Sed_export,Upper middle income,Low (<0.550),Q2,Q2,229.02918581507691,2
Sed_export,Upper middle income,Low (<0.550),Q2,Q3,62070.118770473,116
Sed_export,Upper middle income,Low (<0.550),Q2,Q4 (Highest Gini),44535.633102384825,96
Sed_export,Upper middle income,Low (<0.550),Q3,Q1 (Lowest Gini),2025.3392667770386,1
Sed_export,Upper middle income,Low (<0.550),Q3,Q3,211187.1219498816,62
Sed_export,Upper middle income,Low (<0.550),Q3,Q4 (Highest Gini),681297.9489319915,174
Sed_export,Upper middle income,Low (<0.550),Q4 (Highest GDP),Q3,470486.22430026677,11
Sed_export,Upper middle income,Low (<0.550),Q4 (Highest GDP),Q4 (Highest Gini),310699.57926756924,10
Sed_export,Upper middle income,Medium (0.550-0.700),Q1 (Lowest GDP),Q1 (Lowest Gini),3887.861388015845,1255
Sed_export,Upper middle income,Medium (0.550-0.700),Q1 (Lowest GDP),Q2,2490.2711008822052,180
Sed_export,Upper middle income,Medium (0.550-0.700),Q1 (Lowest GDP),Q3,9458.526285237762,787
Sed_export,Upper middle income,Medium (0.550-0.700),Q1 (Lowest GDP),Q4 (Highest Gini),135948.10392906197,7720
Sed_export,Upper middle income,Medium (0.550-0.700),Q2,Q1 (Lowest Gini),39963.618943705114,265
Sed_export,Upper middle income,Medium (0.550-0.700),Q2,Q2,27399.898460736553,135
Sed_export,Upper middle income,Medium (0.550-0.700),Q2,Q3,174301.71487420122,884
Sed_export,Upper middle income,Medium (0.550-0.700),Q2,Q4 (Highest Gini),1711904.954545831,6646
Sed_export,Upper middle income,Medium (0.550-0.700),Q3,Q1 (Lowest Gini),422542.123343052,280
Sed_export,Upper middle income,Medium (0.550-0.700),Q3,Q2,294837.17684744584,197
Sed_export,Upper middle income,Medium (0.550-0.700),Q3,Q3,1023314.6292532472,859
Sed_export,Upper middle income,Medium (0.550-0.700),Q3,Q4 (Highest Gini),2955351.2175241113,1819
Sed_export,Upper middle income,Medium (0.550-0.700),Q4 (Highest GDP),Q1 (Lowest Gini),9005002.799016071,688
Sed_export,Upper middle income,Medium (0.550-0.700),Q4 (Highest GDP),Q2,5176649.173433451,380
Sed_export,Upper middle income,Medium (0.550-0.700),Q4 (Highest GDP),Q3,1401119.7142702572,163
Sed_export,Upper middle income,Medium (0.550-0.700),Q4 (Highest GDP),Q4 (Highest Gini),3649395.7447921243,268
Sed_export,Upper middle income,High (0.700-0.800),Q1 (Lowest GDP),Q1 (Lowest Gini),2735.454564060116,734
Sed_export,Upper middle income,High (0.700-0.800),Q1 (Lowest GDP),Q2,1809.42226415684,121
Sed_export,Upper middle income,High (0.700-0.800),Q1 (Lowest GDP),Q3,15131.117305916834,697
Sed_export,Upper middle income,High (0.700-0.800),Q1 (Lowest GDP),Q4 (Highest Gini),2594.2744909702556,174
Sed_export,Upper middle income,High (0.700-0.800),Q2,Q1 (Lowest Gini),45401.13687682913,331
Sed_export,Upper middle income,High (0.700-0.800),Q2,Q2,15781.9430477952,104
Sed_export,Upper middle income,High (0.700-0.800),Q2,Q3,106034.13610858207,627
Sed_export,Upper middle income,High (0.700-0.800),Q2,Q4 (Highest Gini),36884.65749906062,156
Sed_export,Upper middle income,High (0.700-0.800),Q3,Q1 (Lowest Gini),399508.42019372573,370
Sed_export,Upper middle income,High (0.700-0.800),Q3,Q2,200340.96131806003,134
Sed_export,Upper middle income,High (0.700-0.800),Q3,Q3,509200.6989307258,372
Sed_export,Upper middle income,High (0.700-0.800),Q3,Q4 (Highest Gini),551755.6478765446,219
Sed_export,Upper middle income,High (0.700-0.800),Q4 (Highest GDP),Q1 (Lowest Gini),13764253.555106169,518
Sed_export,Upper middle income,High (0.700-0.800),Q4 (Highest GDP),Q2,18503432.83768555,621
Sed_export,Upper middle income,High (0.700-0.800),Q4 (Highest GDP),Q3,4710327.483395873,321
Sed_export,Upper middle income,High (0.700-0.800),Q4 (Highest GDP),Q4 (Highest Gini),7634851.085980548,235
Sed_export,Upper middle income,Very High (>0.800),Q1 (Lowest GDP),Q1 (Lowest Gini),165.26794579260726,59
Sed_export,Upper middle income,Very High (>0.800),Q1 (Lowest GDP),Q3,15.73308289935813,1
Sed_export,Upper middle income,Very High (>0.800),Q1 (Lowest GDP),Q4 (Highest Gini),0,1
Sed_export,Upper middle income,Very High (>0.800),Q2,Q1 (Lowest Gini),4289.664095137598,40
Sed_export,Upper middle income,Very High (>0.800),Q2,Q2,94.53927701253482,1
Sed_export,Upper middle income,Very High (>0.800),Q2,Q3,1331.4409125499053,8
Sed_export,Upper middle income,Very High (>0.800),Q2,Q4 (Highest Gini),956.4663124771371,3
Sed_export,Upper middle income,Very High (>0.800),Q3,Q1 (Lowest Gini),75381.1189619313,79
Sed_export,Upper middle income,Very High (>0.800),Q3,Q2,1773.5048033570076,1
Sed_export,Upper middle income,Very High (>0.800),Q3,Q3,48089.67986985102,33
Sed_export,Upper middle income,Very High (>0.800),Q3,Q4 (Highest Gini),2665.412081591198,1
Sed_export,Upper middle income,Very High (>0.800),Q4 (Highest GDP),Q1 (Lowest Gini),998098.4198763362,74
Sed_export,Upper middle income,Very High (>0.800),Q4 (Highest GDP),Q2,7623813.524836433,42
Sed_export,Upper middle income,Very High (>0.800),Q4 (Highest GDP),Q3,1872262.3903634776,77
Sed_export,Upper middle income,Very High (>0.800),Q4 (Highest GDP),Q4 (Highest Gini),662800.6116918826,6
Sed_export,Upper middle income,Very High (>0.800),Q4 (Highest GDP),NA,4979.892869005361,1
Sed_Ret_Ratio,High income,Medium (0.550-0.700),Q3,Q2,14944.362929352556,1
Sed_Ret_Ratio,High income,High (0.700-0.800),Q1 (Lowest GDP),Q1 (Lowest Gini),2294.2529904132853,1225
Sed_Ret_Ratio,High income,High (0.700-0.800),Q1 (Lowest GDP),Q2,256.51431555185314,178
Sed_Ret_Ratio,High income,High (0.700-0.800),Q1 (Lowest GDP),Q3,110.55551579414458,48
Sed_Ret_Ratio,High income,High (0.700-0.800),Q2,Q1 (Lowest Gini),29101.292715095467,764
Sed_Ret_Ratio,High income,High (0.700-0.800),Q2,Q2,3479.1079040776067,74
Sed_Ret_Ratio,High income,High (0.700-0.800),Q2,Q3,1406.9158382566964,31
Sed_Ret_Ratio,High income,High (0.700-0.800),Q3,Q1 (Lowest Gini),148886.19268701953,307
Sed_Ret_Ratio,High income,High (0.700-0.800),Q3,Q2,71714.76518633834,130
Sed_Ret_Ratio,High income,High (0.700-0.800),Q3,Q3,3550.6353606751613,12
Sed_Ret_Ratio,High income,High (0.700-0.800),Q4 (Highest GDP),Q1 (Lowest Gini),374911.3868709859,104
Sed_Ret_Ratio,High income,High (0.700-0.800),Q4 (Highest GDP),Q2,365721.75844970497,99
Sed_Ret_Ratio,High income,High (0.700-0.800),Q4 (Highest GDP),Q3,5177.870537630504,3
Sed_Ret_Ratio,High income,Very High (>0.800),Q1 (Lowest GDP),Q1 (Lowest Gini),844.2005434238911,463
Sed_Ret_Ratio,High income,Very High (>0.800),Q1 (Lowest GDP),Q2,725.3574646756045,282
Sed_Ret_Ratio,High income,Very High (>0.800),Q1 (Lowest GDP),Q3,105.63435677209485,43
Sed_Ret_Ratio,High income,Very High (>0.800),Q2,Q1 (Lowest Gini),24614.234612322038,495
Sed_Ret_Ratio,High income,Very High (>0.800),Q2,Q2,12732.437940142903,235
Sed_Ret_Ratio,High income,Very High (>0.800),Q2,Q3,1894.5326957211846,43
Sed_Ret_Ratio,High income,Very High (>0.800),Q3,Q1 (Lowest Gini),462478.4355837388,876
Sed_Ret_Ratio,High income,Very High (>0.800),Q3,Q2,310270.6711323733,463
Sed_Ret_Ratio,High income,Very High (>0.800),Q3,Q3,30377.207265580048,87
Sed_Ret_Ratio,High income,Very High (>0.800),Q4 (Highest GDP),Q1 (Lowest Gini),44444857.88161585,2710
Sed_Ret_Ratio,High income,Very High (>0.800),Q4 (Highest GDP),Q2,29040955.92232412,1809
Sed_Ret_Ratio,High income,Very High (>0.800),Q4 (Highest GDP),Q3,4779449.738778435,216
Sed_Ret_Ratio,Low income,Low (<0.550),Q1 (Lowest GDP),Q1 (Lowest Gini),29903.139024977554,461
Sed_Ret_Ratio,Low income,Low (<0.550),Q1 (Lowest GDP),Q2,87444.2388119795,638
Sed_Ret_Ratio,Low income,Low (<0.550),Q1 (Lowest GDP),Q3,36614.82950976693,377
Sed_Ret_Ratio,Low income,Low (<0.550),Q1 (Lowest GDP),Q4 (Highest Gini),7517.493745158928,85
Sed_Ret_Ratio,Low income,Low (<0.550),Q2,Q1 (Lowest Gini),906130.5545250091,407
Sed_Ret_Ratio,Low income,Low (<0.550),Q2,Q2,2307405.8774616444,1124
Sed_Ret_Ratio,Low income,Low (<0.550),Q2,Q3,2542868.0538651473,1140
Sed_Ret_Ratio,Low income,Low (<0.550),Q2,Q4 (Highest Gini),398300.1742177544,184
Sed_Ret_Ratio,Low income,Low (<0.550),Q3,Q1 (Lowest Gini),3056816.977744683,346
Sed_Ret_Ratio,Low income,Low (<0.550),Q3,Q2,14814033.221516829,1487
Sed_Ret_Ratio,Low income,Low (<0.550),Q3,Q3,14643726.372157766,1439
Sed_Ret_Ratio,Low income,Low (<0.550),Q3,Q4 (Highest Gini),3117628.42295154,278
Sed_Ret_Ratio,Low income,Low (<0.550),Q4 (Highest GDP),Q1 (Lowest Gini),4391126.858766433,75
Sed_Ret_Ratio,Low income,Low (<0.550),Q4 (Highest GDP),Q2,13337004.167997476,238
Sed_Ret_Ratio,Low income,Low (<0.550),Q4 (Highest GDP),Q3,14106557.889034243,267
Sed_Ret_Ratio,Low income,Low (<0.550),Q4 (Highest GDP),Q4 (Highest Gini),4105997.8101603896,96
Sed_Ret_Ratio,Low income,Medium (0.550-0.700),Q1 (Lowest GDP),Q1 (Lowest Gini),4591.5149892726085,164
Sed_Ret_Ratio,Low income,Medium (0.550-0.700),Q1 (Lowest GDP),Q2,1290.1138174684693,16
Sed_Ret_Ratio,Low income,Medium (0.550-0.700),Q1 (Lowest GDP),Q3,1351.6653226053486,25
Sed_Ret_Ratio,Low income,Medium (0.550-0.700),Q1 (Lowest GDP),Q4 (Highest Gini),624.8649710651994,12
Sed_Ret_Ratio,Low income,Medium (0.550-0.700),Q2,Q1 (Lowest Gini),50016.21698470305,72
Sed_Ret_Ratio,Low income,Medium (0.550-0.700),Q2,Q2,119991.68043169085,81
Sed_Ret_Ratio,Low income,Medium (0.550-0.700),Q2,Q3,47676.56392831315,32
Sed_Ret_Ratio,Low income,Medium (0.550-0.700),Q2,Q4 (Highest Gini),134540.55110413785,53
Sed_Ret_Ratio,Low income,Medium (0.550-0.700),Q3,Q1 (Lowest Gini),493535.40803628694,89
Sed_Ret_Ratio,Low income,Medium (0.550-0.700),Q3,Q2,1180924.7355272053,168
Sed_Ret_Ratio,Low income,Medium (0.550-0.700),Q3,Q3,614935.7797581455,69
Sed_Ret_Ratio,Low income,Medium (0.550-0.700),Q3,Q4 (Highest Gini),785558.1227037543,110
Sed_Ret_Ratio,Low income,Medium (0.550-0.700),Q4 (Highest GDP),Q1 (Lowest Gini),8285979.222561023,76
Sed_Ret_Ratio,Low income,Medium (0.550-0.700),Q4 (Highest GDP),Q2,8298310.285900232,160
Sed_Ret_Ratio,Low income,Medium (0.550-0.700),Q4 (Highest GDP),Q3,3744100.529187364,44
Sed_Ret_Ratio,Low income,Medium (0.550-0.700),Q4 (Highest GDP),Q4 (Highest Gini),6829683.4855880225,71
Sed_Ret_Ratio,Low income,High (0.700-0.800),Q1 (Lowest GDP),Q1 (Lowest Gini),167.6165647461904,3
Sed_Ret_Ratio,Low income,High (0.700-0.800),Q2,Q2,6170.235277035657,3
Sed_Ret_Ratio,Low income,High (0.700-0.800),Q3,Q2,51893.60832832299,10
Sed_Ret_Ratio,Low income,High (0.700-0.800),Q4 (Highest GDP),Q1 (Lowest Gini),267706.0525698959,4
Sed_Ret_Ratio,Low income,High (0.700-0.800),Q4 (Highest GDP),Q2,713034.4351578119,11
Sed_Ret_Ratio,Low income,High (0.700-0.800),Q4 (Highest GDP),Q3,57194.30549035298,1
Sed_Ret_Ratio,Lower middle income,Low (<0.550),Q1 (Lowest GDP),Q1 (Lowest Gini),1170.8077647269597,64
Sed_Ret_Ratio,Lower middle income,Low (<0.550),Q1 (Lowest GDP),Q2,1133.6083505400088,57
Sed_Ret_Ratio,Lower middle income,Low (<0.550),Q1 (Lowest GDP),Q3,6463.964372584108,159
Sed_Ret_Ratio,Lower middle income,Low (<0.550),Q1 (Lowest GDP),Q4 (Highest Gini),11833.941172654006,241
Sed_Ret_Ratio,Lower middle income,Low (<0.550),Q1 (Lowest GDP),NA,5.147281169891359,1
Sed_Ret_Ratio,Lower middle income,Low (<0.550),Q2,Q1 (Lowest Gini),28739.62808312885,48
Sed_Ret_Ratio,Lower middle income,Low (<0.550),Q2,Q2,49824.75028519889,74
Sed_Ret_Ratio,Lower middle income,Low (<0.550),Q2,Q3,285917.5961518443,340
Sed_Ret_Ratio,Lower middle income,Low (<0.550),Q2,Q4 (Highest Gini),363467.08829612477,447
Sed_Ret_Ratio,Lower middle income,Low (<0.550),Q3,Q1 (Lowest Gini),561998.4781271275,113
Sed_Ret_Ratio,Lower middle income,Low (<0.550),Q3,Q2,1646004.5759699799,353
Sed_Ret_Ratio,Lower middle income,Low (<0.550),Q3,Q3,6070909.1350519685,1078
Sed_Ret_Ratio,Lower middle income,Low (<0.550),Q3,Q4 (Highest Gini),2521748.765123343,540
Sed_Ret_Ratio,Lower middle income,Low (<0.550),Q3,NA,26991.691779036948,6
Sed_Ret_Ratio,Lower middle income,Low (<0.550),Q4 (Highest GDP),Q1 (Lowest Gini),2696984.831780288,55
Sed_Ret_Ratio,Lower middle income,Low (<0.550),Q4 (Highest GDP),Q2,3795597.945909585,119
Sed_Ret_Ratio,Lower middle income,Low (<0.550),Q4 (Highest GDP),Q3,7387581.68504505,316
Sed_Ret_Ratio,Lower middle income,Low (<0.550),Q4 (Highest GDP),Q4 (Highest Gini),2892942.0742999543,102
Sed_Ret_Ratio,Lower middle income,Low (<0.550),Q4 (Highest GDP),NA,295113.6826309266,11
Sed_Ret_Ratio,Lower middle income,Medium (0.550-0.700),Q1 (Lowest GDP),Q1 (Lowest Gini),1107.6272029158895,112
Sed_Ret_Ratio,Lower middle income,Medium (0.550-0.700),Q1 (Lowest GDP),Q2,12721.34922182931,908
Sed_Ret_Ratio,Lower middle income,Medium (0.550-0.700),Q1 (Lowest GDP),Q3,3308.265711219961,197
Sed_Ret_Ratio,Lower middle income,Medium (0.550-0.700),Q1 (Lowest GDP),Q4 (Highest Gini),3462.882544674495,115
Sed_Ret_Ratio,Lower middle income,Medium (0.550-0.700),Q2,Q1 (Lowest Gini),20702.251677335942,60
Sed_Ret_Ratio,Lower middle income,Medium (0.550-0.700),Q2,Q2,259988.92443724116,1205
Sed_Ret_Ratio,Lower middle income,Medium (0.550-0.700),Q2,Q3,169245.64860880902,401
Sed_Ret_Ratio,Lower middle income,Medium (0.550-0.700),Q2,Q4 (Highest Gini),66503.40551763674,142
Sed_Ret_Ratio,Lower middle income,Medium (0.550-0.700),Q2,NA,649.4204225570919,1
Sed_Ret_Ratio,Lower middle income,Medium (0.550-0.700),Q3,Q1 (Lowest Gini),546839.1170008463,142
Sed_Ret_Ratio,Lower middle income,Medium (0.550-0.700),Q3,Q2,3856307.2721124655,1463
Sed_Ret_Ratio,Lower middle income,Medium (0.550-0.700),Q3,Q3,3327268.297878394,1120
Sed_Ret_Ratio,Lower middle income,Medium (0.550-0.700),Q3,Q4 (Highest Gini),980686.4041050082,232
Sed_Ret_Ratio,Lower middle income,Medium (0.550-0.700),Q3,NA,12197.877580693377,4
Sed_Ret_Ratio,Lower middle income,Medium (0.550-0.700),Q4 (Highest GDP),Q1 (Lowest Gini),3323615.232538073,91
Sed_Ret_Ratio,Lower middle income,Medium (0.550-0.700),Q4 (Highest GDP),Q2,16111774.093240969,793
Sed_Ret_Ratio,Lower middle income,Medium (0.550-0.700),Q4 (Highest GDP),Q3,31501819.94432949,1048
Sed_Ret_Ratio,Lower middle income,Medium (0.550-0.700),Q4 (Highest GDP),Q4 (Highest Gini),6790632.970463191,156
Sed_Ret_Ratio,Lower middle income,Medium (0.550-0.700),Q4 (Highest GDP),NA,211129.59070611492,6
Sed_Ret_Ratio,Lower middle income,High (0.700-0.800),Q1 (Lowest GDP),Q1 (Lowest Gini),62.4622455034728,7
Sed_Ret_Ratio,Lower middle income,High (0.700-0.800),Q1 (Lowest GDP),Q2,33.70371313453252,22
Sed_Ret_Ratio,Lower middle income,High (0.700-0.800),Q1 (Lowest GDP),Q3,8.82186892610861,6
Sed_Ret_Ratio,Lower middle income,High (0.700-0.800),Q2,Q1 (Lowest Gini),3533.58411592586,10
Sed_Ret_Ratio,Lower middle income,High (0.700-0.800),Q2,Q2,7948.1688694942095,24
Sed_Ret_Ratio,Lower middle income,High (0.700-0.800),Q2,Q3,4626.833118939984,19
Sed_Ret_Ratio,Lower middle income,High (0.700-0.800),Q2,NA,618.6971810165537,2
Sed_Ret_Ratio,Lower middle income,High (0.700-0.800),Q3,Q1 (Lowest Gini),167710.94370440772,56
Sed_Ret_Ratio,Lower middle income,High (0.700-0.800),Q3,Q2,153436.69713356122,59
Sed_Ret_Ratio,Lower middle income,High (0.700-0.800),Q3,Q3,90509.93322252716,43
Sed_Ret_Ratio,Lower middle income,High (0.700-0.800),Q3,Q4 (Highest Gini),1953.2445740549847,1
Sed_Ret_Ratio,Lower middle income,High (0.700-0.800),Q3,NA,17940.885085588932,6
Sed_Ret_Ratio,Lower middle income,High (0.700-0.800),Q4 (Highest GDP),Q1 (Lowest Gini),2094927.9129618776,43
Sed_Ret_Ratio,Lower middle income,High (0.700-0.800),Q4 (Highest GDP),Q2,8870916.108604383,194
Sed_Ret_Ratio,Lower middle income,High (0.700-0.800),Q4 (Highest GDP),Q3,19522912.038528588,233
Sed_Ret_Ratio,Lower middle income,High (0.700-0.800),Q4 (Highest GDP),Q4 (Highest Gini),3193595.413263985,9
Sed_Ret_Ratio,Lower middle income,High (0.700-0.800),Q4 (Highest GDP),NA,336546.4644148031,6
Sed_Ret_Ratio,Lower middle income,Very High (>0.800),Q3,NA,1332.8056893930902,1
Sed_Ret_Ratio,Lower middle income,Very High (>0.800),Q4 (Highest GDP),Q1 (Lowest Gini),403402.4171522186,1
Sed_Ret_Ratio,Lower middle income,Very High (>0.800),Q4 (Highest GDP),Q2,1582004.0598103586,5
Sed_Ret_Ratio,Lower middle income,Very High (>0.800),Q4 (Highest GDP),Q3,2152762.2523103156,4
Sed_Ret_Ratio,Upper middle income,Low (<0.550),Q1 (Lowest GDP),Q1 (Lowest Gini),233.72456111727615,66
Sed_Ret_Ratio,Upper middle income,Low (<0.550),Q1 (Lowest GDP),Q2,143.22827467006857,10
Sed_Ret_Ratio,Upper middle income,Low (<0.550),Q1 (Lowest GDP),Q3,5779.551141922529,152
Sed_Ret_Ratio,Upper middle income,Low (<0.550),Q1 (Lowest GDP),Q4 (Highest Gini),2424.6644089748884,87
Sed_Ret_Ratio,Upper middle income,Low (<0.550),Q2,Q1 (Lowest Gini),2769.847153600244,24
Sed_Ret_Ratio,Upper middle income,Low (<0.550),Q2,Q2,847.3160371789321,4
Sed_Ret_Ratio,Upper middle income,Low (<0.550),Q2,Q3,48683.47224792434,112
Sed_Ret_Ratio,Upper middle income,Low (<0.550),Q2,Q4 (Highest Gini),68378.62401561494,128
Sed_Ret_Ratio,Upper middle income,Low (<0.550),Q3,Q1 (Lowest Gini),19469.330003552204,15
Sed_Ret_Ratio,Upper middle income,Low (<0.550),Q3,Q2,3844.749394004256,3
Sed_Ret_Ratio,Upper middle income,Low (<0.550),Q3,Q3,407047.03918297845,105
Sed_Ret_Ratio,Upper middle income,Low (<0.550),Q3,Q4 (Highest Gini),1192369.0392473356,298
Sed_Ret_Ratio,Upper middle income,Low (<0.550),Q4 (Highest GDP),Q1 (Lowest Gini),17714.972237893584,4
Sed_Ret_Ratio,Upper middle income,Low (<0.550),Q4 (Highest GDP),Q3,919751.3409134995,20
Sed_Ret_Ratio,Upper middle income,Low (<0.550),Q4 (Highest GDP),Q4 (Highest Gini),960337.4550077806,29
Sed_Ret_Ratio,Upper middle income,Medium (0.550-0.700),Q1 (Lowest GDP),Q1 (Lowest Gini),4604.555740456701,856
Sed_Ret_Ratio,Upper middle income,Medium (0.550-0.700),Q1 (Lowest GDP),Q2,1793.538635588086,181
Sed_Ret_Ratio,Upper middle income,Medium (0.550-0.700),Q1 (Lowest GDP),Q3,7694.345788642744,558
Sed_Ret_Ratio,Upper middle income,Medium (0.550-0.700),Q1 (Lowest GDP),Q4 (Highest Gini),65221.33368724004,2654
Sed_Ret_Ratio,Upper middle income,Medium (0.550-0.700),Q2,Q1 (Lowest Gini),72492.4051472256,351
Sed_Ret_Ratio,Upper middle income,Medium (0.550-0.700),Q2,Q2,30820.968659130383,140
Sed_Ret_Ratio,Upper middle income,Medium (0.550-0.700),Q2,Q3,163522.84967143336,774
Sed_Ret_Ratio,Upper middle income,Medium (0.550-0.700),Q2,Q4 (Highest Gini),1347555.1783607197,4987
Sed_Ret_Ratio,Upper middle income,Medium (0.550-0.700),Q3,Q1 (Lowest Gini),1206435.6442943695,711
Sed_Ret_Ratio,Upper middle income,Medium (0.550-0.700),Q3,Q2,498054.4368006743,258
Sed_Ret_Ratio,Upper middle income,Medium (0.550-0.700),Q3,Q3,1378574.5030156819,945
Sed_Ret_Ratio,Upper middle income,Medium (0.550-0.700),Q3,Q4 (Highest Gini),4104547.935312533,2115
Sed_Ret_Ratio,Upper middle income,Medium (0.550-0.700),Q4 (Highest GDP),Q1 (Lowest Gini),19199338.215104252,1478
Sed_Ret_Ratio,Upper middle income,Medium (0.550-0.700),Q4 (Highest GDP),Q2,12892204.0459375,810
Sed_Ret_Ratio,Upper middle income,Medium (0.550-0.700),Q4 (Highest GDP),Q3,4004261.0815941826,287
Sed_Ret_Ratio,Upper middle income,Medium (0.550-0.700),Q4 (Highest GDP),Q4 (Highest Gini),6811429.814745411,507
Sed_Ret_Ratio,Upper middle income,High (0.700-0.800),Q1 (Lowest GDP),Q1 (Lowest Gini),1579.7770682642533,224
Sed_Ret_Ratio,Upper middle income,High (0.700-0.800),Q1 (Lowest GDP),Q2,2036.4161551290738,148
Sed_Ret_Ratio,Upper middle income,High (0.700-0.800),Q1 (Lowest GDP),Q3,14052.930751892503,915
Sed_Ret_Ratio,Upper middle income,High (0.700-0.800),Q1 (Lowest GDP),Q4 (Highest Gini),1880.9855865907177,118
Sed_Ret_Ratio,Upper middle income,High (0.700-0.800),Q2,Q1 (Lowest Gini),44219.80617560105,224
Sed_Ret_Ratio,Upper middle income,High (0.700-0.800),Q2,Q2,23850.030363743084,158
Sed_Ret_Ratio,Upper middle income,High (0.700-0.800),Q2,Q3,155927.40347031847,925
Sed_Ret_Ratio,Upper middle income,High (0.700-0.800),Q2,Q4 (Highest Gini),29404.815875088567,140
Sed_Ret_Ratio,Upper middle income,High (0.700-0.800),Q3,Q1 (Lowest Gini),1008429.5371269677,715
Sed_Ret_Ratio,Upper middle income,High (0.700-0.800),Q3,Q2,298176.09103398456,204
Sed_Ret_Ratio,Upper middle income,High (0.700-0.800),Q3,Q3,1268667.229243081,824
Sed_Ret_Ratio,Upper middle income,High (0.700-0.800),Q3,Q4 (Highest Gini),715821.7797348421,308
Sed_Ret_Ratio,Upper middle income,High (0.700-0.800),Q4 (Highest GDP),Q1 (Lowest Gini),36374436.297544315,1245
Sed_Ret_Ratio,Upper middle income,High (0.700-0.800),Q4 (Highest GDP),Q2,43288418.84181822,1307
Sed_Ret_Ratio,Upper middle income,High (0.700-0.800),Q4 (Highest GDP),Q3,21376431.265175346,899
Sed_Ret_Ratio,Upper middle income,High (0.700-0.800),Q4 (Highest GDP),Q4 (Highest Gini),31146443.830880493,644
Sed_Ret_Ratio,Upper middle income,Very High (>0.800),Q1 (Lowest GDP),Q1 (Lowest Gini),13.110997237964616,9
Sed_Ret_Ratio,Upper middle income,Very High (>0.800),Q1 (Lowest GDP),Q2,19.34455339935637,3
Sed_Ret_Ratio,Upper middle income,Very High (>0.800),Q1 (Lowest GDP),Q3,57.54532080861836,21
Sed_Ret_Ratio,Upper middle income,Very High (>0.800),Q1 (Lowest GDP),Q4 (Highest Gini),0.8738812059164045,3
Sed_Ret_Ratio,Upper middle income,Very High (>0.800),Q2,Q1 (Lowest Gini),1172.7927594096388,7
Sed_Ret_Ratio,Upper middle income,Very High (>0.800),Q2,Q2,861.2851908327884,5
Sed_Ret_Ratio,Upper middle income,Very High (>0.800),Q2,Q3,3392.5640485184613,20
Sed_Ret_Ratio,Upper middle income,Very High (>0.800),Q3,Q1 (Lowest Gini),60706.41998460147,39
Sed_Ret_Ratio,Upper middle income,Very High (>0.800),Q3,Q2,9088.3140813396,8
Sed_Ret_Ratio,Upper middle income,Very High (>0.800),Q3,Q3,121704.8332887504,79
Sed_Ret_Ratio,Upper middle income,Very High (>0.800),Q3,Q4 (Highest Gini),9767.31515131593,4
Sed_Ret_Ratio,Upper middle income,Very High (>0.800),Q4 (Highest GDP),Q1 (Lowest Gini),7652121.865873922,128
Sed_Ret_Ratio,Upper middle income,Very High (>0.800),Q4 (Highest GDP),Q2,16071199.31076319,95
Sed_Ret_Ratio,Upper middle income,Very High (>0.800),Q4 (Highest GDP),Q3,14956830.065374661,286
Sed_Ret_Ratio,Upper middle income,Very High (>0.800),Q4 (Highest GDP),Q4 (Highest Gini),6349259.90727682,26
