"","continent","Coastal_Protection_pct_ch","Nature_Access_pct_ch","Nitrogen_Export_pct_ch","Pollination_pct_ch","Sediment_Export_pct_ch","Usle_pct_ch"
"1","Seven seas (open ocean)",0.943251397939966,400.437063534443,NA,NA,NA,0.956695757784869
"2","North America",-0.177764469477607,200.28603597247,1.47487124301696,7.06472001120871,2.07029360410207,0.660175514611959
"3","South America",-1.70989416656578,118.906880618284,2.24714262667671,0.327732344397455,-1.43408332924409,0.447089717000874
"4","Antarctica",NA,NA,NA,NA,NA,NA
"5","Oceania",-0.212488111800246,261.534285600194,1.4795688273472,5.6927571232101,17.1543623166115,0.700769336726514
"6","Asia",-0.3725617477654,237.298847092973,2.10671818034449,9.05258400058158,1.56259586103486,0.349345840316594
"7","Africa",0.769079994042407,139.720653632608,2.91888801117867,16.747415835545,1.23563492489192,1.08224641329467
"8","Europe",-0.596942901949025,255.915600373804,-0.600536233105688,4.48858943132688,2.92432672842615,2.73320054734595
