"","income_grp","Coastal.Protection_pct","Nitrogen.Export_pct","Sediment.Export_pct","Nature.Access_pct","Pollination_pct","Coastal_Protection_pct_ch","Nature_Access_pct_ch","Nitrogen_Export_pct_ch","Sediment_Export_pct_ch","Usle_pct_ch"
"1","5. Low income",-0.883944111324642,2.02479503118199,1.30750327087452,120.38359743456,5.51658388023788,-0.883944111324642,120.38359743456,2.02479503118199,1.30750327087452,0.730973711362721
"2","4. Lower middle income",0.0271287708972203,1.14596877534687,2.22001755080199,283.711401668498,7.65964260392806,0.0271287708972203,283.711401668498,1.14596877534687,2.22001755080199,-0.383696165777562
"3","3. Upper middle income",-1.59906009801066,2.28077609579617,0.083960601272061,163.963231485173,8.1599032781438,-1.59906009801066,163.963231485173,2.28077609579617,0.083960601272061,0.496765622329603
"4","2. High income: nonOECD",0.45349578458459,9.60637411729637,11.1430750021881,2514.18448124399,20.6468977595628,0.45349578458459,2514.18448124399,9.60637411729637,11.1430750021881,7.38922272083581
"5","1. High income: OECD",-0.254077984016879,0.748729802439608,6.03434508803471,218.778150134672,5.31785645094371,-0.254077984016879,218.778150134672,0.748729802439608,6.03434508803471,3.19931278085106
