"","region_wb","Coastal_Protection_pct_ch","Nature_Access_pct_ch","Nitrogen_Export_pct_ch","Pollination_pct_ch","Sediment_Export_pct_ch","Usle_pct_ch"
"1","Latin America & Caribbean",-1.28024454603992,95.4940951112419,2.83747477284266,3.66710288570148,-1.34778745285874,-0.193352888566443
"2","South Asia",0.203029551440928,280.162814398905,-0.113856737137382,3.13238953860687,-2.96414556147311,-3.62333900611877
"3","Sub-Saharan Africa",0.51714464847497,100.323555851421,1.64198164659153,14.4170817463645,1.41523316537514,1.18863012059949
"4","Europe & Central Asia",-0.699600634044918,253.282041890693,-0.116557726821816,4.52446125886902,0.964539437063533,1.50054805401936
"5","Middle East & North Africa",1.97083164603789,1475.80326512193,6.01121268692925,22.1962608856463,0.0157266410307677,0.0519553699884861
"6","East Asia & Pacific",-0.310454298654895,220.28842345886,2.62025458325621,9.11308366114385,4.01960209665724,1.26315546368014
"7","Antarctica",0,NA,NA,NA,NA,NA
"8","North America",-0.301587321214609,224.614224244162,0.870664470098577,5.77446835769553,3.70140606787566,3.26399444555231
