,income_grp,Coastal_Protection_pct_ch,Nature_Access_pct_ch,Nitrogen_Export_pct_ch,Pollination_pct_ch,Sediment_Export_pct_ch,Usle_pct_ch
1,5. Low income,-0.883944111,120.3835974,2.024795031,5.51658388,1.307503271,0.730973711
2,4. Lower middle income,0.027128771,283.7114017,1.145968775,7.659642604,2.220017551,-0.383696166
3,3. Upper middle income,-1.599060098,163.9632315,2.280776096,8.159903278,0.083960601,0.496765622
4,2. High income: nonOECD,0.453495785,2514.184481,9.606374117,20.64689776,11.143075,7.389222721
5,1. High income: OECD,-0.254077984,218.7781501,0.748729802,5.317856451,6.034345088,3.199312781